session_id,algorithmic_recommendation,baseline_drift_score,block_number,candidate_time,case_id,case_slot,challenge_score,channel_id,condition,condition_eligible,condition_order,detectability,displayed_recommendation,duplicate_risk,evidence_agreement,explanation_trial_eligible,hidden_case_category,hidden_disagreement_type,hidden_expected_recommendation,hidden_reference_status,local_noise,nearest_distance_samples,overlap_flag,pair_id,parameter_hits,parameter_robustness,parameter_runs,peak_height,pilot_ready,prominence,provenance_json,reference_interval_end,reference_interval_start,segment_boundary_distance,separation_width_ratio,signal_key,source_name,source_type,stability,stability_hits,stability_runs,tie_break,trial_id,trial_position,weber_boundary,weber_margin,width_samples,window_end,window_start,decision_code,decision_label,confidence,selected_evidence_json,primary_evidence,optional_explanation,explanation_reason_json,clarity,difficulty,evidence_disagreement,disagreement_sources_json,recommendation,recommendation_followed,response_time_seconds,opened_sections_json,interaction_json,submitted_at,used_ai_says_this_is_a_peak,used_how_clearly_it_stands_out,used_local_noise_or_baseline,used_overlap_or_duplicate_warning,used_peak_shape,used_repeatability_after_setting_changes,used_repeatability_after_signal_changes,used_signal_strength,reference_supported,reference_unsupported,reference_expected_decision,supported_accept,unsupported_reject,unsupported_accept,supported_reject,case_has_evidence_conflict,appropriate_defer,reference_alignment,reference_agreement,confidence_probability,calibration_error,recommendation_code,recommendation_followed_derived,recommendation_reference_aligned,reliance_category
ef6afff9-99ca-4808-be2e-709bacf5b1bf,Reject,0.0224618157484059,1,10.04,SYN-007,1,13.0,synthetic_7,baseline,baseline|peakaboo|peakaboo_recommendation,baseline>peakaboo>peakaboo_recommendation,12.88598005473706,,Low,Mostly consistent,True,near_boundary_unsupported,detectability_vs_stability,Reject,unsupported,0.0019513757710725,38.0,False,SYN-PAIR-08,12,0.6,20,0.0719575041562646,True,0.0251453892782242,"{""detector_version"": ""peakaboo-study-1.0"", ""matching_tolerance_samples"": 6, ""minimum_distance"": 22, ""noise_window"": 51, ""perturbation_noise_model"": ""Normal(0, local_sigma * scale)"", ""perturbation_runs"": 30, ""perturbation_scale"": 0.55, ""prominence_floor"": 0.00018, ""segment_overlap_points"": 100, ""segment_points"": 500, ""smooth_window"": 2, ""smoothing_method"": ""moving_average"", ""synthetic_category"": ""near_boundary_unsupported"", ""synthetic_replicate"": 1, ""weber_boundary"": 15.96}",,,196,2.224918305068862,SYN-007,generated_demo,synthetic,1.0,30,30,253198,DEMO001-001,1,15.96,-3.074019945262941,17.07927878224899,12.0,8.0,2,"Reject as noise, an error, or a duplicate.",92,"[""Peak shape""]",Peak shape,,[],,,Yes,[],,,19.162040199548123,[],{},2026-08-05T16:50:43.096270+00:00,0,0,0,0,1,0,0,0,0,1,2.0,0,1,0,0,1,0,1.0,1.0,0.92,0.07999999999999996,,,,
ef6afff9-99ca-4808-be2e-709bacf5b1bf,Reject,0.2175261728472668,1,4.53000020980835,REAL-001,2,13.5,1607,baseline,baseline|peakaboo|peakaboo_recommendation,baseline>peakaboo>peakaboo_recommendation,11.990940463878124,,Low,Conflict detected,True,parameter_sensitive,unfavorable_algorithm_vs_supported_reference,Reject,supported,3.483447891200764e-05,51.0,False,REA-PAIR-07,9,0.45,20,0.0550485495477914,True,0.000417698174715,"{""detector_version"": ""peakaboo-study-1.0"", ""matching_tolerance_samples"": 8, ""minimum_distance"": 22, ""noise_window"": 51, ""perturbation_noise_model"": ""Normal(0, local_sigma * scale)"", ""perturbation_runs"": 30, ""perturbation_scale"": 0.55, ""prominence_floor"": 0.00018, ""segment_overlap_points"": 100, ""segment_points"": 500, ""smooth_window"": 2, ""smoothing_method"": ""moving_average"", ""source_label_file"": ""peak_df.xlsx"", ""source_peak_index"": 2718, ""source_time_range"": [0.0, 13.0], ""weber_boundary"": 15.96}",4.54166666666667,4.505,180,6.623189397414574,REAL-001,chromatograms.h5,real,1.0,30,30,842678,DEMO001-002,2,15.96,-3.969059536121876,7.700217665511474,4.829999923706055,4.230000019073486,1,Accept as a peak.,90,"[""Signal strength""]",Signal strength,,[],,,Yes,[],,,48.716393265260635,[],{},2026-08-05T16:50:43.099960+00:00,0,0,0,0,0,0,0,1,1,0,1.0,1,0,0,0,1,0,1.0,1.0,0.9,0.09999999999999998,,,,
ef6afff9-99ca-4808-be2e-709bacf5b1bf,Reject,0.0294378845818416,1,9.98,SYN-013,3,13.0,synthetic_13,baseline,baseline|peakaboo|peakaboo_recommendation,baseline>peakaboo>peakaboo_recommendation,19.86599261256988,,High,Conflict detected,True,high_detectability_low_stability,unfavorable_algorithm_vs_supported_reference,Reject,supported,0.0006718439365513,7.0,True,SYN-PAIR-05,13,0.65,20,0.0626555329254845,True,0.013346846700194,"{""detector_version"": ""peakaboo-study-1.0"", ""matching_tolerance_samples"": 1, ""minimum_distance"": 22, ""noise_window"": 51, ""perturbation_noise_model"": ""Normal(0, local_sigma * scale)"", ""perturbation_runs"": 30, ""perturbation_scale"": 1.1, ""prominence_floor"": 0.00018, ""segment_overlap_points"": 100, ""segment_points"": 500, ""smooth_window"": 2, ""smoothing_method"": ""moving_average"", ""synthetic_category"": ""high_detectability_low_stability"", ""synthetic_replicate"": 1, ""weber_boundary"": 15.96}",10.16,9.86,198,0.4720353182288295,SYN-013,generated_demo,synthetic,0.5666666666666667,17,30,122639,DEMO001-003,3,15.96,3.905992612569879,14.829398838767816,12.0,8.0,1,Accept as a peak.,94,"[""Local noise or baseline""]",Local noise or baseline,,[],,,Yes,[],,,31.20812041240704,[],{},2026-08-05T16:50:43.105552+00:00,0,0,1,0,0,0,0,0,1,0,1.0,1,0,0,0,1,0,1.0,1.0,0.94,0.06000000000000005,,,,
ef6afff9-99ca-4808-be2e-709bacf5b1bf,Reject,0.0224618157484059,2,10.04,SYN-007,1,13.0,synthetic_7,peakaboo,baseline|peakaboo|peakaboo_recommendation,baseline>peakaboo>peakaboo_recommendation,12.88598005473706,,Low,Mostly consistent,True,near_boundary_unsupported,detectability_vs_stability,Reject,unsupported,0.0019513757710725,38.0,False,SYN-PAIR-08,12,0.6,20,0.0719575041562646,True,0.0251453892782242,"{""detector_version"": ""peakaboo-study-1.0"", ""matching_tolerance_samples"": 6, ""minimum_distance"": 22, ""noise_window"": 51, ""perturbation_noise_model"": ""Normal(0, local_sigma * scale)"", ""perturbation_runs"": 30, ""perturbation_scale"": 0.55, ""prominence_floor"": 0.00018, ""segment_overlap_points"": 100, ""segment_points"": 500, ""smooth_window"": 2, ""smoothing_method"": ""moving_average"", ""synthetic_category"": ""near_boundary_unsupported"", ""synthetic_replicate"": 1, ""weber_boundary"": 15.96}",,,196,2.224918305068862,SYN-007,generated_demo,synthetic,1.0,30,30,253198,DEMO001-004,4,15.96,-3.074019945262941,17.07927878224899,12.0,8.0,2,"Reject as noise, an error, or a duplicate.",48,"[""Overlap or duplicate warning""]",Overlap or duplicate warning,,[],4.0,,Yes,[],,,13.139364091490693,[],{},2026-08-05T16:50:43.107753+00:00,0,0,0,1,0,0,0,0,0,1,2.0,0,1,0,0,1,0,1.0,1.0,0.48,0.52,,,,
ef6afff9-99ca-4808-be2e-709bacf5b1bf,Reject,0.2175261728472668,2,4.53000020980835,REAL-001,2,13.5,1607,peakaboo,baseline|peakaboo|peakaboo_recommendation,baseline>peakaboo>peakaboo_recommendation,11.990940463878124,,Low,Conflict detected,True,parameter_sensitive,unfavorable_algorithm_vs_supported_reference,Reject,supported,3.483447891200764e-05,51.0,False,REA-PAIR-07,9,0.45,20,0.0550485495477914,True,0.000417698174715,"{""detector_version"": ""peakaboo-study-1.0"", ""matching_tolerance_samples"": 8, ""minimum_distance"": 22, ""noise_window"": 51, ""perturbation_noise_model"": ""Normal(0, local_sigma * scale)"", ""perturbation_runs"": 30, ""perturbation_scale"": 0.55, ""prominence_floor"": 0.00018, ""segment_overlap_points"": 100, ""segment_points"": 500, ""smooth_window"": 2, ""smoothing_method"": ""moving_average"", ""source_label_file"": ""peak_df.xlsx"", ""source_peak_index"": 2718, ""source_time_range"": [0.0, 13.0], ""weber_boundary"": 15.96}",4.54166666666667,4.505,180,6.623189397414574,REAL-001,chromatograms.h5,real,1.0,30,30,842678,DEMO001-005,5,15.96,-3.969059536121876,7.700217665511474,4.829999923706055,4.230000019073486,1,Accept as a peak.,88,"[""Repeatability after signal changes""]",Repeatability after signal changes,,[],2.0,,Yes,[],,,51.123173776262234,[],{},2026-08-05T16:50:43.111587+00:00,0,0,0,0,0,0,1,0,1,0,1.0,1,0,0,0,1,0,1.0,1.0,0.88,0.12,,,,
ef6afff9-99ca-4808-be2e-709bacf5b1bf,Reject,0.0294378845818416,2,9.98,SYN-013,3,13.0,synthetic_13,peakaboo,baseline|peakaboo|peakaboo_recommendation,baseline>peakaboo>peakaboo_recommendation,19.86599261256988,,High,Conflict detected,True,high_detectability_low_stability,unfavorable_algorithm_vs_supported_reference,Reject,supported,0.0006718439365513,7.0,True,SYN-PAIR-05,13,0.65,20,0.0626555329254845,True,0.013346846700194,"{""detector_version"": ""peakaboo-study-1.0"", ""matching_tolerance_samples"": 1, ""minimum_distance"": 22, ""noise_window"": 51, ""perturbation_noise_model"": ""Normal(0, local_sigma * scale)"", ""perturbation_runs"": 30, ""perturbation_scale"": 1.1, ""prominence_floor"": 0.00018, ""segment_overlap_points"": 100, ""segment_points"": 500, ""smooth_window"": 2, ""smoothing_method"": ""moving_average"", ""synthetic_category"": ""high_detectability_low_stability"", ""synthetic_replicate"": 1, ""weber_boundary"": 15.96}",10.16,9.86,198,0.4720353182288295,SYN-013,generated_demo,synthetic,0.5666666666666667,17,30,122639,DEMO001-006,6,15.96,3.905992612569879,14.829398838767816,12.0,8.0,1,Accept as a peak.,81,"[""Repeatability after setting changes""]",Repeatability after setting changes,,[],5.0,,Yes,[],,,35.397093264001334,[],{},2026-08-05T16:50:43.114678+00:00,0,0,0,0,0,1,0,0,1,0,1.0,1,0,0,0,1,0,1.0,1.0,0.81,0.18999999999999995,,,,
ef6afff9-99ca-4808-be2e-709bacf5b1bf,Reject,0.0224618157484059,3,10.04,SYN-007,1,13.0,synthetic_7,peakaboo_recommendation,baseline|peakaboo|peakaboo_recommendation,baseline>peakaboo>peakaboo_recommendation,12.88598005473706,Accept,Low,Mostly consistent,True,near_boundary_unsupported,detectability_vs_stability,Reject,unsupported,0.0019513757710725,38.0,False,SYN-PAIR-08,12,0.6,20,0.0719575041562646,True,0.0251453892782242,"{""detector_version"": ""peakaboo-study-1.0"", ""matching_tolerance_samples"": 6, ""minimum_distance"": 22, ""noise_window"": 51, ""perturbation_noise_model"": ""Normal(0, local_sigma * scale)"", ""perturbation_runs"": 30, ""perturbation_scale"": 0.55, ""prominence_floor"": 0.00018, ""segment_overlap_points"": 100, ""segment_points"": 500, ""smooth_window"": 2, ""smoothing_method"": ""moving_average"", ""synthetic_category"": ""near_boundary_unsupported"", ""synthetic_replicate"": 1, ""weber_boundary"": 15.96}",,,196,2.224918305068862,SYN-007,generated_demo,synthetic,1.0,30,30,253198,DEMO001-007,7,15.96,-3.074019945262941,17.07927878224899,12.0,8.0,1,Accept as a peak.,69,"[""AI says this is a peak""]",AI says this is a peak,,[],5.0,,Yes,[],Accept,1.0,12.593243611507162,[],{},2026-08-05T16:50:43.117208+00:00,1,0,0,0,0,0,0,0,0,1,2.0,0,0,1,0,1,0,0.0,0.0,0.69,0.69,1.0,1.0,0.0,over_reliance
ef6afff9-99ca-4808-be2e-709bacf5b1bf,Reject,0.2175261728472668,3,4.53000020980835,REAL-001,2,13.5,1607,peakaboo_recommendation,baseline|peakaboo|peakaboo_recommendation,baseline>peakaboo>peakaboo_recommendation,11.990940463878124,Accept,Low,Conflict detected,True,parameter_sensitive,unfavorable_algorithm_vs_supported_reference,Reject,supported,3.483447891200764e-05,51.0,False,REA-PAIR-07,9,0.45,20,0.0550485495477914,True,0.000417698174715,"{""detector_version"": ""peakaboo-study-1.0"", ""matching_tolerance_samples"": 8, ""minimum_distance"": 22, ""noise_window"": 51, ""perturbation_noise_model"": ""Normal(0, local_sigma * scale)"", ""perturbation_runs"": 30, ""perturbation_scale"": 0.55, ""prominence_floor"": 0.00018, ""segment_overlap_points"": 100, ""segment_points"": 500, ""smooth_window"": 2, ""smoothing_method"": ""moving_average"", ""source_label_file"": ""peak_df.xlsx"", ""source_peak_index"": 2718, ""source_time_range"": [0.0, 13.0], ""weber_boundary"": 15.96}",4.54166666666667,4.505,180,6.623189397414574,REAL-001,chromatograms.h5,real,1.0,30,30,842678,DEMO001-008,8,15.96,-3.969059536121876,7.700217665511474,4.829999923706055,4.230000019073486,1,Accept as a peak.,83,"[""Repeatability after signal changes""]",Repeatability after signal changes,,[],3.0,,Yes,[],Accept,1.0,31.690637856052863,[],{},2026-08-05T16:50:43.119445+00:00,0,0,0,0,0,0,1,0,1,0,1.0,1,0,0,0,1,0,1.0,1.0,0.83,0.17000000000000004,1.0,1.0,1.0,appropriate_reliance
ef6afff9-99ca-4808-be2e-709bacf5b1bf,Reject,0.0294378845818416,3,9.98,SYN-013,3,13.0,synthetic_13,peakaboo_recommendation,baseline|peakaboo|peakaboo_recommendation,baseline>peakaboo>peakaboo_recommendation,19.86599261256988,Accept,High,Conflict detected,True,high_detectability_low_stability,unfavorable_algorithm_vs_supported_reference,Reject,supported,0.0006718439365513,7.0,True,SYN-PAIR-05,13,0.65,20,0.0626555329254845,True,0.013346846700194,"{""detector_version"": ""peakaboo-study-1.0"", ""matching_tolerance_samples"": 1, ""minimum_distance"": 22, ""noise_window"": 51, ""perturbation_noise_model"": ""Normal(0, local_sigma * scale)"", ""perturbation_runs"": 30, ""perturbation_scale"": 1.1, ""prominence_floor"": 0.00018, ""segment_overlap_points"": 100, ""segment_points"": 500, ""smooth_window"": 2, ""smoothing_method"": ""moving_average"", ""synthetic_category"": ""high_detectability_low_stability"", ""synthetic_replicate"": 1, ""weber_boundary"": 15.96}",10.16,9.86,198,0.4720353182288295,SYN-013,generated_demo,synthetic,0.5666666666666667,17,30,122639,DEMO001-009,9,15.96,3.905992612569879,14.829398838767816,12.0,8.0,1,Accept as a peak.,45,"[""AI says this is a peak""]",AI says this is a peak,,[],3.0,,Yes,[],Accept,1.0,29.51772176870007,[],{},2026-08-05T16:50:43.121638+00:00,1,0,0,0,0,0,0,0,1,0,1.0,1,0,0,0,1,0,1.0,1.0,0.45,0.55,1.0,1.0,1.0,appropriate_reliance
e9459b53-bfb9-4fc4-b403-b8a39c922921,Reject,0.2175261728472668,1,4.53000020980835,REAL-001,1,13.5,1607,baseline,baseline|peakaboo|peakaboo_recommendation,baseline>peakaboo>peakaboo_recommendation,11.990940463878124,,Low,Conflict detected,True,parameter_sensitive,unfavorable_algorithm_vs_supported_reference,Reject,supported,3.483447891200764e-05,51.0,False,REA-PAIR-07,9,0.45,20,0.0550485495477914,True,0.000417698174715,"{""detector_version"": ""peakaboo-study-1.0"", ""matching_tolerance_samples"": 8, ""minimum_distance"": 22, ""noise_window"": 51, ""perturbation_noise_model"": ""Normal(0, local_sigma * scale)"", ""perturbation_runs"": 30, ""perturbation_scale"": 0.55, ""prominence_floor"": 0.00018, ""segment_overlap_points"": 100, ""segment_points"": 500, ""smooth_window"": 2, ""smoothing_method"": ""moving_average"", ""source_label_file"": ""peak_df.xlsx"", ""source_peak_index"": 2718, ""source_time_range"": [0.0, 13.0], ""weber_boundary"": 15.96}",4.54166666666667,4.505,180,6.623189397414574,REAL-001,chromatograms.h5,real,1.0,30,30,438170,DEMO002-001,1,15.96,-3.969059536121876,7.700217665511474,4.829999923706055,4.230000019073486,1,Accept as a peak.,81,"[""Peak shape""]",Peak shape,,[],,,Yes,[],,,19.246209847512937,[],{},2026-08-05T16:50:43.206511+00:00,0,0,0,0,1,0,0,0,1,0,1.0,1,0,0,0,1,0,1.0,1.0,0.81,0.18999999999999995,,,,
e9459b53-bfb9-4fc4-b403-b8a39c922921,Reject,0.221273541205649,1,0.0066666668280959,REAL-003,2,12.0,3419,baseline,baseline|peakaboo|peakaboo_recommendation,baseline>peakaboo>peakaboo_recommendation,12.14322291476348,,Low,Conflict detected,True,stable_unsupported,detectability_vs_stability,Reject,unsupported,4.054113116816314e-05,11.0,False,REA-PAIR-08,7,0.35,20,0.0005473000055644,True,0.0004923000051348,"{""detector_version"": ""peakaboo-study-1.0"", ""matching_tolerance_samples"": 8, ""minimum_distance"": 22, ""noise_window"": 51, ""perturbation_noise_model"": ""Normal(0, local_sigma * scale)"", ""perturbation_runs"": 30, ""perturbation_scale"": 0.55, ""prominence_floor"": 0.00018, ""segment_overlap_points"": 100, ""segment_points"": 500, ""smooth_window"": 2, ""smoothing_method"": ""moving_average"", ""source_label_file"": ""peak_df.xlsx"", ""source_peak_index"": 4, ""source_time_range"": [0.0, 13.0], ""weber_boundary"": 15.96}",,,4,2.315962261922051,REAL-003,chromatograms.h5,real,1.0,30,30,775061,DEMO002-002,2,15.96,-3.81677708523652,4.74964561420398,0.3066666722297668,0.0,2,"Reject as noise, an error, or a duplicate.",62,"[""Local noise or baseline""]",Local noise or baseline,,[],,,Yes,[],,,12.602633944905579,[],{},2026-08-05T16:50:43.209218+00:00,0,0,1,0,0,0,0,0,0,1,2.0,0,1,0,0,1,0,1.0,1.0,0.62,0.38,,,,
e9459b53-bfb9-4fc4-b403-b8a39c922921,Reject,0.0294378845818416,1,9.98,SYN-013,3,13.0,synthetic_13,baseline,baseline|peakaboo|peakaboo_recommendation,baseline>peakaboo>peakaboo_recommendation,19.86599261256988,,High,Conflict detected,True,high_detectability_low_stability,unfavorable_algorithm_vs_supported_reference,Reject,supported,0.0006718439365513,7.0,True,SYN-PAIR-05,13,0.65,20,0.0626555329254845,True,0.013346846700194,"{""detector_version"": ""peakaboo-study-1.0"", ""matching_tolerance_samples"": 1, ""minimum_distance"": 22, ""noise_window"": 51, ""perturbation_noise_model"": ""Normal(0, local_sigma * scale)"", ""perturbation_runs"": 30, ""perturbation_scale"": 1.1, ""prominence_floor"": 0.00018, ""segment_overlap_points"": 100, ""segment_points"": 500, ""smooth_window"": 2, ""smoothing_method"": ""moving_average"", ""synthetic_category"": ""high_detectability_low_stability"", ""synthetic_replicate"": 1, ""weber_boundary"": 15.96}",10.16,9.86,198,0.4720353182288295,SYN-013,generated_demo,synthetic,0.5666666666666667,17,30,78415,DEMO002-003,3,15.96,3.905992612569879,14.829398838767816,12.0,8.0,1,Accept as a peak.,92,"[""Signal strength""]",Signal strength,,[],,,Yes,[],,,30.085232835475004,[],{},2026-08-05T16:50:43.211589+00:00,0,0,0,0,0,0,0,1,1,0,1.0,1,0,0,0,1,0,1.0,1.0,0.92,0.07999999999999996,,,,
e9459b53-bfb9-4fc4-b403-b8a39c922921,Reject,0.2175261728472668,2,4.53000020980835,REAL-001,1,13.5,1607,peakaboo,baseline|peakaboo|peakaboo_recommendation,baseline>peakaboo>peakaboo_recommendation,11.990940463878124,,Low,Conflict detected,True,parameter_sensitive,unfavorable_algorithm_vs_supported_reference,Reject,supported,3.483447891200764e-05,51.0,False,REA-PAIR-07,9,0.45,20,0.0550485495477914,True,0.000417698174715,"{""detector_version"": ""peakaboo-study-1.0"", ""matching_tolerance_samples"": 8, ""minimum_distance"": 22, ""noise_window"": 51, ""perturbation_noise_model"": ""Normal(0, local_sigma * scale)"", ""perturbation_runs"": 30, ""perturbation_scale"": 0.55, ""prominence_floor"": 0.00018, ""segment_overlap_points"": 100, ""segment_points"": 500, ""smooth_window"": 2, ""smoothing_method"": ""moving_average"", ""source_label_file"": ""peak_df.xlsx"", ""source_peak_index"": 2718, ""source_time_range"": [0.0, 13.0], ""weber_boundary"": 15.96}",4.54166666666667,4.505,180,6.623189397414574,REAL-001,chromatograms.h5,real,1.0,30,30,438170,DEMO002-004,4,15.96,-3.969059536121876,7.700217665511474,4.829999923706055,4.230000019073486,1,Accept as a peak.,70,"[""Overlap or duplicate warning""]",Overlap or duplicate warning,,[],2.0,,Yes,[],,,28.12309282779918,[],{},2026-08-05T16:50:43.213818+00:00,0,0,0,1,0,0,0,0,1,0,1.0,1,0,0,0,1,0,1.0,1.0,0.7,0.30000000000000004,,,,
e9459b53-bfb9-4fc4-b403-b8a39c922921,Reject,0.221273541205649,2,0.0066666668280959,REAL-003,2,12.0,3419,peakaboo,baseline|peakaboo|peakaboo_recommendation,baseline>peakaboo>peakaboo_recommendation,12.14322291476348,,Low,Conflict detected,True,stable_unsupported,detectability_vs_stability,Reject,unsupported,4.054113116816314e-05,11.0,False,REA-PAIR-08,7,0.35,20,0.0005473000055644,True,0.0004923000051348,"{""detector_version"": ""peakaboo-study-1.0"", ""matching_tolerance_samples"": 8, ""minimum_distance"": 22, ""noise_window"": 51, ""perturbation_noise_model"": ""Normal(0, local_sigma * scale)"", ""perturbation_runs"": 30, ""perturbation_scale"": 0.55, ""prominence_floor"": 0.00018, ""segment_overlap_points"": 100, ""segment_points"": 500, ""smooth_window"": 2, ""smoothing_method"": ""moving_average"", ""source_label_file"": ""peak_df.xlsx"", ""source_peak_index"": 4, ""source_time_range"": [0.0, 13.0], ""weber_boundary"": 15.96}",,,4,2.315962261922051,REAL-003,chromatograms.h5,real,1.0,30,30,775061,DEMO002-005,5,15.96,-3.81677708523652,4.74964561420398,0.3066666722297668,0.0,2,"Reject as noise, an error, or a duplicate.",93,"[""Overlap or duplicate warning""]",Overlap or duplicate warning,,[],2.0,,Yes,[],,,52.256401797941415,[],{},2026-08-05T16:50:43.217778+00:00,0,0,0,1,0,0,0,0,0,1,2.0,0,1,0,0,1,0,1.0,1.0,0.93,0.06999999999999995,,,,
e9459b53-bfb9-4fc4-b403-b8a39c922921,Reject,0.0294378845818416,2,9.98,SYN-013,3,13.0,synthetic_13,peakaboo,baseline|peakaboo|peakaboo_recommendation,baseline>peakaboo>peakaboo_recommendation,19.86599261256988,,High,Conflict detected,True,high_detectability_low_stability,unfavorable_algorithm_vs_supported_reference,Reject,supported,0.0006718439365513,7.0,True,SYN-PAIR-05,13,0.65,20,0.0626555329254845,True,0.013346846700194,"{""detector_version"": ""peakaboo-study-1.0"", ""matching_tolerance_samples"": 1, ""minimum_distance"": 22, ""noise_window"": 51, ""perturbation_noise_model"": ""Normal(0, local_sigma * scale)"", ""perturbation_runs"": 30, ""perturbation_scale"": 1.1, ""prominence_floor"": 0.00018, ""segment_overlap_points"": 100, ""segment_points"": 500, ""smooth_window"": 2, ""smoothing_method"": ""moving_average"", ""synthetic_category"": ""high_detectability_low_stability"", ""synthetic_replicate"": 1, ""weber_boundary"": 15.96}",10.16,9.86,198,0.4720353182288295,SYN-013,generated_demo,synthetic,0.5666666666666667,17,30,78415,DEMO002-006,6,15.96,3.905992612569879,14.829398838767816,12.0,8.0,3,Defer for more review.,61,"[""Repeatability after signal changes""]",Repeatability after signal changes,,[],3.0,,Yes,[],,,46.149338665984054,[],{},2026-08-05T16:50:43.220021+00:00,0,0,0,0,0,0,1,0,1,0,1.0,0,0,0,0,1,1,0.0,0.0,0.61,0.61,,,,
e9459b53-bfb9-4fc4-b403-b8a39c922921,Reject,0.2175261728472668,3,4.53000020980835,REAL-001,1,13.5,1607,peakaboo_recommendation,baseline|peakaboo|peakaboo_recommendation,baseline>peakaboo>peakaboo_recommendation,11.990940463878124,Accept,Low,Conflict detected,True,parameter_sensitive,unfavorable_algorithm_vs_supported_reference,Reject,supported,3.483447891200764e-05,51.0,False,REA-PAIR-07,9,0.45,20,0.0550485495477914,True,0.000417698174715,"{""detector_version"": ""peakaboo-study-1.0"", ""matching_tolerance_samples"": 8, ""minimum_distance"": 22, ""noise_window"": 51, ""perturbation_noise_model"": ""Normal(0, local_sigma * scale)"", ""perturbation_runs"": 30, ""perturbation_scale"": 0.55, ""prominence_floor"": 0.00018, ""segment_overlap_points"": 100, ""segment_points"": 500, ""smooth_window"": 2, ""smoothing_method"": ""moving_average"", ""source_label_file"": ""peak_df.xlsx"", ""source_peak_index"": 2718, ""source_time_range"": [0.0, 13.0], ""weber_boundary"": 15.96}",4.54166666666667,4.505,180,6.623189397414574,REAL-001,chromatograms.h5,real,1.0,30,30,438170,DEMO002-007,7,15.96,-3.969059536121876,7.700217665511474,4.829999923706055,4.230000019073486,1,Accept as a peak.,89,"[""AI says this is a peak""]",AI says this is a peak,,[],5.0,,Yes,[],Accept,1.0,19.352228786019175,[],{},2026-08-05T16:50:43.222178+00:00,1,0,0,0,0,0,0,0,1,0,1.0,1,0,0,0,1,0,1.0,1.0,0.89,0.10999999999999999,1.0,1.0,1.0,appropriate_reliance
e9459b53-bfb9-4fc4-b403-b8a39c922921,Reject,0.221273541205649,3,0.0066666668280959,REAL-003,2,12.0,3419,peakaboo_recommendation,baseline|peakaboo|peakaboo_recommendation,baseline>peakaboo>peakaboo_recommendation,12.14322291476348,Accept,Low,Conflict detected,True,stable_unsupported,detectability_vs_stability,Reject,unsupported,4.054113116816314e-05,11.0,False,REA-PAIR-08,7,0.35,20,0.0005473000055644,True,0.0004923000051348,"{""detector_version"": ""peakaboo-study-1.0"", ""matching_tolerance_samples"": 8, ""minimum_distance"": 22, ""noise_window"": 51, ""perturbation_noise_model"": ""Normal(0, local_sigma * scale)"", ""perturbation_runs"": 30, ""perturbation_scale"": 0.55, ""prominence_floor"": 0.00018, ""segment_overlap_points"": 100, ""segment_points"": 500, ""smooth_window"": 2, ""smoothing_method"": ""moving_average"", ""source_label_file"": ""peak_df.xlsx"", ""source_peak_index"": 4, ""source_time_range"": [0.0, 13.0], ""weber_boundary"": 15.96}",,,4,2.315962261922051,REAL-003,chromatograms.h5,real,1.0,30,30,775061,DEMO002-008,8,15.96,-3.81677708523652,4.74964561420398,0.3066666722297668,0.0,1,Accept as a peak.,74,"[""AI says this is a peak""]",AI says this is a peak,,[],5.0,,Yes,[],Accept,1.0,36.72300419334182,[],{},2026-08-05T16:50:43.224376+00:00,1,0,0,0,0,0,0,0,0,1,2.0,0,0,1,0,1,0,0.0,0.0,0.74,0.74,1.0,1.0,0.0,over_reliance
e9459b53-bfb9-4fc4-b403-b8a39c922921,Reject,0.0294378845818416,3,9.98,SYN-013,3,13.0,synthetic_13,peakaboo_recommendation,baseline|peakaboo|peakaboo_recommendation,baseline>peakaboo>peakaboo_recommendation,19.86599261256988,Accept,High,Conflict detected,True,high_detectability_low_stability,unfavorable_algorithm_vs_supported_reference,Reject,supported,0.0006718439365513,7.0,True,SYN-PAIR-05,13,0.65,20,0.0626555329254845,True,0.013346846700194,"{""detector_version"": ""peakaboo-study-1.0"", ""matching_tolerance_samples"": 1, ""minimum_distance"": 22, ""noise_window"": 51, ""perturbation_noise_model"": ""Normal(0, local_sigma * scale)"", ""perturbation_runs"": 30, ""perturbation_scale"": 1.1, ""prominence_floor"": 0.00018, ""segment_overlap_points"": 100, ""segment_points"": 500, ""smooth_window"": 2, ""smoothing_method"": ""moving_average"", ""synthetic_category"": ""high_detectability_low_stability"", ""synthetic_replicate"": 1, ""weber_boundary"": 15.96}",10.16,9.86,198,0.4720353182288295,SYN-013,generated_demo,synthetic,0.5666666666666667,17,30,78415,DEMO002-009,9,15.96,3.905992612569879,14.829398838767816,12.0,8.0,1,Accept as a peak.,90,"[""AI says this is a peak""]",AI says this is a peak,,[],5.0,,Yes,[],Accept,1.0,40.35801423650965,[],{},2026-08-05T16:50:43.226789+00:00,1,0,0,0,0,0,0,0,1,0,1.0,1,0,0,0,1,0,1.0,1.0,0.9,0.09999999999999998,1.0,1.0,1.0,appropriate_reliance
80bacd2f-b280-46ae-9ddb-3fc2a5fec135,Defer,0.0346148372669181,1,9.99,SYN-005,1,13.0,synthetic_5,baseline,baseline|peakaboo|peakaboo_recommendation,baseline>peakaboo>peakaboo_recommendation,13.537409757347,,Low,Mostly consistent,True,near_boundary_supported,detectability_vs_stability,Defer,supported,0.0019875838737579,inf,False,SYN-PAIR-07,13,0.65,20,0.0743550127655038,True,0.0269067373396937,"{""detector_version"": ""peakaboo-study-1.0"", ""matching_tolerance_samples"": 6, ""minimum_distance"": 22, ""noise_window"": 51, ""perturbation_noise_model"": ""Normal(0, local_sigma * scale)"", ""perturbation_runs"": 30, ""perturbation_scale"": 0.55, ""prominence_floor"": 0.00018, ""segment_overlap_points"": 100, ""segment_points"": 500, ""smooth_window"": 2, ""smoothing_method"": ""moving_average"", ""synthetic_category"": ""near_boundary_supported"", ""synthetic_replicate"": 1, ""weber_boundary"": 15.96}",10.16,9.86,199,inf,SYN-005,generated_demo,synthetic,1.0,30,30,611628,DEMO003-001,1,15.96,-2.4225902426530013,19.49802939620119,12.0,8.0,3,Defer for more review.,53,"[""Local noise or baseline""]",Local noise or baseline,,[],,,Yes,[],,,16.994044894049146,[],{},2026-08-05T16:50:43.312839+00:00,0,0,1,0,0,0,0,0,1,0,1.0,0,0,0,0,1,1,0.0,0.0,0.53,0.53,,,,
80bacd2f-b280-46ae-9ddb-3fc2a5fec135,Reject,0.2175261728472668,1,4.53000020980835,REAL-001,2,13.5,1607,baseline,baseline|peakaboo|peakaboo_recommendation,baseline>peakaboo>peakaboo_recommendation,11.990940463878124,,Low,Conflict detected,True,parameter_sensitive,unfavorable_algorithm_vs_supported_reference,Reject,supported,3.483447891200764e-05,51.0,False,REA-PAIR-07,9,0.45,20,0.0550485495477914,True,0.000417698174715,"{""detector_version"": ""peakaboo-study-1.0"", ""matching_tolerance_samples"": 8, ""minimum_distance"": 22, ""noise_window"": 51, ""perturbation_noise_model"": ""Normal(0, local_sigma * scale)"", ""perturbation_runs"": 30, ""perturbation_scale"": 0.55, ""prominence_floor"": 0.00018, ""segment_overlap_points"": 100, ""segment_points"": 500, ""smooth_window"": 2, ""smoothing_method"": ""moving_average"", ""source_label_file"": ""peak_df.xlsx"", ""source_peak_index"": 2718, ""source_time_range"": [0.0, 13.0], ""weber_boundary"": 15.96}",4.54166666666667,4.505,180,6.623189397414574,REAL-001,chromatograms.h5,real,1.0,30,30,698586,DEMO003-002,2,15.96,-3.969059536121876,7.700217665511474,4.829999923706055,4.230000019073486,1,Accept as a peak.,63,"[""Local noise or baseline""]",Local noise or baseline,,[],,,Yes,[],,,53.548196373457735,[],{},2026-08-05T16:50:43.316050+00:00,0,0,1,0,0,0,0,0,1,0,1.0,1,0,0,0,1,0,1.0,1.0,0.63,0.37,,,,
80bacd2f-b280-46ae-9ddb-3fc2a5fec135,Reject,0.0294378845818416,1,9.98,SYN-013,3,13.0,synthetic_13,baseline,baseline|peakaboo|peakaboo_recommendation,baseline>peakaboo>peakaboo_recommendation,19.86599261256988,,High,Conflict detected,True,high_detectability_low_stability,unfavorable_algorithm_vs_supported_reference,Reject,supported,0.0006718439365513,7.0,True,SYN-PAIR-05,13,0.65,20,0.0626555329254845,True,0.013346846700194,"{""detector_version"": ""peakaboo-study-1.0"", ""matching_tolerance_samples"": 1, ""minimum_distance"": 22, ""noise_window"": 51, ""perturbation_noise_model"": ""Normal(0, local_sigma * scale)"", ""perturbation_runs"": 30, ""perturbation_scale"": 1.1, ""prominence_floor"": 0.00018, ""segment_overlap_points"": 100, ""segment_points"": 500, ""smooth_window"": 2, ""smoothing_method"": ""moving_average"", ""synthetic_category"": ""high_detectability_low_stability"", ""synthetic_replicate"": 1, ""weber_boundary"": 15.96}",10.16,9.86,198,0.4720353182288295,SYN-013,generated_demo,synthetic,0.5666666666666667,17,30,6306,DEMO003-003,3,15.96,3.905992612569879,14.829398838767816,12.0,8.0,1,Accept as a peak.,89,"[""Signal strength""]",Signal strength,,[],,,Yes,[],,,28.853338343532933,[],{},2026-08-05T16:50:43.318282+00:00,0,0,0,0,0,0,0,1,1,0,1.0,1,0,0,0,1,0,1.0,1.0,0.89,0.10999999999999999,,,,
80bacd2f-b280-46ae-9ddb-3fc2a5fec135,Defer,0.0346148372669181,2,9.99,SYN-005,1,13.0,synthetic_5,peakaboo,baseline|peakaboo|peakaboo_recommendation,baseline>peakaboo>peakaboo_recommendation,13.537409757347,,Low,Mostly consistent,True,near_boundary_supported,detectability_vs_stability,Defer,supported,0.0019875838737579,inf,False,SYN-PAIR-07,13,0.65,20,0.0743550127655038,True,0.0269067373396937,"{""detector_version"": ""peakaboo-study-1.0"", ""matching_tolerance_samples"": 6, ""minimum_distance"": 22, ""noise_window"": 51, ""perturbation_noise_model"": ""Normal(0, local_sigma * scale)"", ""perturbation_runs"": 30, ""perturbation_scale"": 0.55, ""prominence_floor"": 0.00018, ""segment_overlap_points"": 100, ""segment_points"": 500, ""smooth_window"": 2, ""smoothing_method"": ""moving_average"", ""synthetic_category"": ""near_boundary_supported"", ""synthetic_replicate"": 1, ""weber_boundary"": 15.96}",10.16,9.86,199,inf,SYN-005,generated_demo,synthetic,1.0,30,30,611628,DEMO003-004,4,15.96,-2.4225902426530013,19.49802939620119,12.0,8.0,3,Defer for more review.,45,"[""Repeatability after setting changes""]",Repeatability after setting changes,,[],4.0,,Yes,[],,,35.08242226043191,[],{},2026-08-05T16:50:43.320431+00:00,0,0,0,0,0,1,0,0,1,0,1.0,0,0,0,0,1,1,0.0,0.0,0.45,0.45,,,,
80bacd2f-b280-46ae-9ddb-3fc2a5fec135,Reject,0.2175261728472668,2,4.53000020980835,REAL-001,2,13.5,1607,peakaboo,baseline|peakaboo|peakaboo_recommendation,baseline>peakaboo>peakaboo_recommendation,11.990940463878124,,Low,Conflict detected,True,parameter_sensitive,unfavorable_algorithm_vs_supported_reference,Reject,supported,3.483447891200764e-05,51.0,False,REA-PAIR-07,9,0.45,20,0.0550485495477914,True,0.000417698174715,"{""detector_version"": ""peakaboo-study-1.0"", ""matching_tolerance_samples"": 8, ""minimum_distance"": 22, ""noise_window"": 51, ""perturbation_noise_model"": ""Normal(0, local_sigma * scale)"", ""perturbation_runs"": 30, ""perturbation_scale"": 0.55, ""prominence_floor"": 0.00018, ""segment_overlap_points"": 100, ""segment_points"": 500, ""smooth_window"": 2, ""smoothing_method"": ""moving_average"", ""source_label_file"": ""peak_df.xlsx"", ""source_peak_index"": 2718, ""source_time_range"": [0.0, 13.0], ""weber_boundary"": 15.96}",4.54166666666667,4.505,180,6.623189397414574,REAL-001,chromatograms.h5,real,1.0,30,30,698586,DEMO003-005,5,15.96,-3.969059536121876,7.700217665511474,4.829999923706055,4.230000019073486,1,Accept as a peak.,59,"[""Overlap or duplicate warning""]",Overlap or duplicate warning,,[],4.0,,Yes,[],,,29.612552954774692,[],{},2026-08-05T16:50:43.322342+00:00,0,0,0,1,0,0,0,0,1,0,1.0,1,0,0,0,1,0,1.0,1.0,0.59,0.41000000000000003,,,,
80bacd2f-b280-46ae-9ddb-3fc2a5fec135,Reject,0.0294378845818416,2,9.98,SYN-013,3,13.0,synthetic_13,peakaboo,baseline|peakaboo|peakaboo_recommendation,baseline>peakaboo>peakaboo_recommendation,19.86599261256988,,High,Conflict detected,True,high_detectability_low_stability,unfavorable_algorithm_vs_supported_reference,Reject,supported,0.0006718439365513,7.0,True,SYN-PAIR-05,13,0.65,20,0.0626555329254845,True,0.013346846700194,"{""detector_version"": ""peakaboo-study-1.0"", ""matching_tolerance_samples"": 1, ""minimum_distance"": 22, ""noise_window"": 51, ""perturbation_noise_model"": ""Normal(0, local_sigma * scale)"", ""perturbation_runs"": 30, ""perturbation_scale"": 1.1, ""prominence_floor"": 0.00018, ""segment_overlap_points"": 100, ""segment_points"": 500, ""smooth_window"": 2, ""smoothing_method"": ""moving_average"", ""synthetic_category"": ""high_detectability_low_stability"", ""synthetic_replicate"": 1, ""weber_boundary"": 15.96}",10.16,9.86,198,0.4720353182288295,SYN-013,generated_demo,synthetic,0.5666666666666667,17,30,6306,DEMO003-006,6,15.96,3.905992612569879,14.829398838767816,12.0,8.0,1,Accept as a peak.,91,"[""Repeatability after signal changes""]",Repeatability after signal changes,,[],4.0,,Yes,[],,,13.726344311671244,[],{},2026-08-05T16:50:43.324418+00:00,0,0,0,0,0,0,1,0,1,0,1.0,1,0,0,0,1,0,1.0,1.0,0.91,0.08999999999999997,,,,
80bacd2f-b280-46ae-9ddb-3fc2a5fec135,Defer,0.0346148372669181,3,9.99,SYN-005,1,13.0,synthetic_5,peakaboo_recommendation,baseline|peakaboo|peakaboo_recommendation,baseline>peakaboo>peakaboo_recommendation,13.537409757347,Accept,Low,Mostly consistent,True,near_boundary_supported,detectability_vs_stability,Defer,supported,0.0019875838737579,inf,False,SYN-PAIR-07,13,0.65,20,0.0743550127655038,True,0.0269067373396937,"{""detector_version"": ""peakaboo-study-1.0"", ""matching_tolerance_samples"": 6, ""minimum_distance"": 22, ""noise_window"": 51, ""perturbation_noise_model"": ""Normal(0, local_sigma * scale)"", ""perturbation_runs"": 30, ""perturbation_scale"": 0.55, ""prominence_floor"": 0.00018, ""segment_overlap_points"": 100, ""segment_points"": 500, ""smooth_window"": 2, ""smoothing_method"": ""moving_average"", ""synthetic_category"": ""near_boundary_supported"", ""synthetic_replicate"": 1, ""weber_boundary"": 15.96}",10.16,9.86,199,inf,SYN-005,generated_demo,synthetic,1.0,30,30,611628,DEMO003-007,7,15.96,-2.4225902426530013,19.49802939620119,12.0,8.0,1,Accept as a peak.,83,"[""Repeatability after signal changes""]",Repeatability after signal changes,,[],3.0,,Yes,[],Accept,1.0,19.344961319757907,[],{},2026-08-05T16:50:43.327808+00:00,0,0,0,0,0,0,1,0,1,0,1.0,1,0,0,0,1,0,1.0,1.0,0.83,0.17000000000000004,1.0,1.0,1.0,appropriate_reliance
80bacd2f-b280-46ae-9ddb-3fc2a5fec135,Reject,0.2175261728472668,3,4.53000020980835,REAL-001,2,13.5,1607,peakaboo_recommendation,baseline|peakaboo|peakaboo_recommendation,baseline>peakaboo>peakaboo_recommendation,11.990940463878124,Accept,Low,Conflict detected,True,parameter_sensitive,unfavorable_algorithm_vs_supported_reference,Reject,supported,3.483447891200764e-05,51.0,False,REA-PAIR-07,9,0.45,20,0.0550485495477914,True,0.000417698174715,"{""detector_version"": ""peakaboo-study-1.0"", ""matching_tolerance_samples"": 8, ""minimum_distance"": 22, ""noise_window"": 51, ""perturbation_noise_model"": ""Normal(0, local_sigma * scale)"", ""perturbation_runs"": 30, ""perturbation_scale"": 0.55, ""prominence_floor"": 0.00018, ""segment_overlap_points"": 100, ""segment_points"": 500, ""smooth_window"": 2, ""smoothing_method"": ""moving_average"", ""source_label_file"": ""peak_df.xlsx"", ""source_peak_index"": 2718, ""source_time_range"": [0.0, 13.0], ""weber_boundary"": 15.96}",4.54166666666667,4.505,180,6.623189397414574,REAL-001,chromatograms.h5,real,1.0,30,30,698586,DEMO003-008,8,15.96,-3.969059536121876,7.700217665511474,4.829999923706055,4.230000019073486,1,Accept as a peak.,76,"[""AI says this is a peak""]",AI says this is a peak,,[],5.0,,Yes,[],Accept,1.0,33.594484243019885,[],{},2026-08-05T16:50:43.330016+00:00,1,0,0,0,0,0,0,0,1,0,1.0,1,0,0,0,1,0,1.0,1.0,0.76,0.24,1.0,1.0,1.0,appropriate_reliance
80bacd2f-b280-46ae-9ddb-3fc2a5fec135,Reject,0.0294378845818416,3,9.98,SYN-013,3,13.0,synthetic_13,peakaboo_recommendation,baseline|peakaboo|peakaboo_recommendation,baseline>peakaboo>peakaboo_recommendation,19.86599261256988,Accept,High,Conflict detected,True,high_detectability_low_stability,unfavorable_algorithm_vs_supported_reference,Reject,supported,0.0006718439365513,7.0,True,SYN-PAIR-05,13,0.65,20,0.0626555329254845,True,0.013346846700194,"{""detector_version"": ""peakaboo-study-1.0"", ""matching_tolerance_samples"": 1, ""minimum_distance"": 22, ""noise_window"": 51, ""perturbation_noise_model"": ""Normal(0, local_sigma * scale)"", ""perturbation_runs"": 30, ""perturbation_scale"": 1.1, ""prominence_floor"": 0.00018, ""segment_overlap_points"": 100, ""segment_points"": 500, ""smooth_window"": 2, ""smoothing_method"": ""moving_average"", ""synthetic_category"": ""high_detectability_low_stability"", ""synthetic_replicate"": 1, ""weber_boundary"": 15.96}",10.16,9.86,198,0.4720353182288295,SYN-013,generated_demo,synthetic,0.5666666666666667,17,30,6306,DEMO003-009,9,15.96,3.905992612569879,14.829398838767816,12.0,8.0,1,Accept as a peak.,69,"[""How clearly it stands out""]",How clearly it stands out,,[],4.0,,Yes,[],Accept,1.0,17.994030856976973,[],{},2026-08-05T16:50:43.332245+00:00,0,1,0,0,0,0,0,0,1,0,1.0,1,0,0,0,1,0,1.0,1.0,0.69,0.31000000000000005,1.0,1.0,1.0,appropriate_reliance
503410c3-68e7-4660-9086-a79193b23af1,Reject,0.0224618157484059,1,10.04,SYN-007,1,13.0,synthetic_7,baseline,baseline|peakaboo|peakaboo_recommendation,baseline>peakaboo>peakaboo_recommendation,12.88598005473706,,Low,Mostly consistent,True,near_boundary_unsupported,detectability_vs_stability,Reject,unsupported,0.0019513757710725,38.0,False,SYN-PAIR-08,12,0.6,20,0.0719575041562646,True,0.0251453892782242,"{""detector_version"": ""peakaboo-study-1.0"", ""matching_tolerance_samples"": 6, ""minimum_distance"": 22, ""noise_window"": 51, ""perturbation_noise_model"": ""Normal(0, local_sigma * scale)"", ""perturbation_runs"": 30, ""perturbation_scale"": 0.55, ""prominence_floor"": 0.00018, ""segment_overlap_points"": 100, ""segment_points"": 500, ""smooth_window"": 2, ""smoothing_method"": ""moving_average"", ""synthetic_category"": ""near_boundary_unsupported"", ""synthetic_replicate"": 1, ""weber_boundary"": 15.96}",,,196,2.224918305068862,SYN-007,generated_demo,synthetic,1.0,30,30,16781,DEMO004-001,1,15.96,-3.074019945262941,17.07927878224899,12.0,8.0,2,"Reject as noise, an error, or a duplicate.",81,"[""Peak shape""]",Peak shape,,[],,,Yes,[],,,50.64871278664843,[],{},2026-08-05T16:50:43.415505+00:00,0,0,0,0,1,0,0,0,0,1,2.0,0,1,0,0,1,0,1.0,1.0,0.81,0.18999999999999995,,,,
503410c3-68e7-4660-9086-a79193b23af1,Reject,0.2175261728472668,1,4.53000020980835,REAL-001,2,13.5,1607,baseline,baseline|peakaboo|peakaboo_recommendation,baseline>peakaboo>peakaboo_recommendation,11.990940463878124,,Low,Conflict detected,True,parameter_sensitive,unfavorable_algorithm_vs_supported_reference,Reject,supported,3.483447891200764e-05,51.0,False,REA-PAIR-07,9,0.45,20,0.0550485495477914,True,0.000417698174715,"{""detector_version"": ""peakaboo-study-1.0"", ""matching_tolerance_samples"": 8, ""minimum_distance"": 22, ""noise_window"": 51, ""perturbation_noise_model"": ""Normal(0, local_sigma * scale)"", ""perturbation_runs"": 30, ""perturbation_scale"": 0.55, ""prominence_floor"": 0.00018, ""segment_overlap_points"": 100, ""segment_points"": 500, ""smooth_window"": 2, ""smoothing_method"": ""moving_average"", ""source_label_file"": ""peak_df.xlsx"", ""source_peak_index"": 2718, ""source_time_range"": [0.0, 13.0], ""weber_boundary"": 15.96}",4.54166666666667,4.505,180,6.623189397414574,REAL-001,chromatograms.h5,real,1.0,30,30,682620,DEMO004-002,2,15.96,-3.969059536121876,7.700217665511474,4.829999923706055,4.230000019073486,1,Accept as a peak.,93,"[""Signal strength""]",Signal strength,,[],,,Yes,[],,,22.42892903701902,[],{},2026-08-05T16:50:43.418232+00:00,0,0,0,0,0,0,0,1,1,0,1.0,1,0,0,0,1,0,1.0,1.0,0.93,0.06999999999999995,,,,
503410c3-68e7-4660-9086-a79193b23af1,Reject,0.221273541205649,1,0.0066666668280959,REAL-003,3,12.0,3419,baseline,baseline|peakaboo|peakaboo_recommendation,baseline>peakaboo>peakaboo_recommendation,12.14322291476348,,Low,Conflict detected,True,stable_unsupported,detectability_vs_stability,Reject,unsupported,4.054113116816314e-05,11.0,False,REA-PAIR-08,7,0.35,20,0.0005473000055644,True,0.0004923000051348,"{""detector_version"": ""peakaboo-study-1.0"", ""matching_tolerance_samples"": 8, ""minimum_distance"": 22, ""noise_window"": 51, ""perturbation_noise_model"": ""Normal(0, local_sigma * scale)"", ""perturbation_runs"": 30, ""perturbation_scale"": 0.55, ""prominence_floor"": 0.00018, ""segment_overlap_points"": 100, ""segment_points"": 500, ""smooth_window"": 2, ""smoothing_method"": ""moving_average"", ""source_label_file"": ""peak_df.xlsx"", ""source_peak_index"": 4, ""source_time_range"": [0.0, 13.0], ""weber_boundary"": 15.96}",,,4,2.315962261922051,REAL-003,chromatograms.h5,real,1.0,30,30,970832,DEMO004-003,3,15.96,-3.81677708523652,4.74964561420398,0.3066666722297668,0.0,2,"Reject as noise, an error, or a duplicate.",69,"[""Peak shape""]",Peak shape,,[],,,Yes,[],,,49.28849743350495,[],{},2026-08-05T16:50:43.420377+00:00,0,0,0,0,1,0,0,0,0,1,2.0,0,1,0,0,1,0,1.0,1.0,0.69,0.31000000000000005,,,,
503410c3-68e7-4660-9086-a79193b23af1,Reject,0.0224618157484059,2,10.04,SYN-007,1,13.0,synthetic_7,peakaboo,baseline|peakaboo|peakaboo_recommendation,baseline>peakaboo>peakaboo_recommendation,12.88598005473706,,Low,Mostly consistent,True,near_boundary_unsupported,detectability_vs_stability,Reject,unsupported,0.0019513757710725,38.0,False,SYN-PAIR-08,12,0.6,20,0.0719575041562646,True,0.0251453892782242,"{""detector_version"": ""peakaboo-study-1.0"", ""matching_tolerance_samples"": 6, ""minimum_distance"": 22, ""noise_window"": 51, ""perturbation_noise_model"": ""Normal(0, local_sigma * scale)"", ""perturbation_runs"": 30, ""perturbation_scale"": 0.55, ""prominence_floor"": 0.00018, ""segment_overlap_points"": 100, ""segment_points"": 500, ""smooth_window"": 2, ""smoothing_method"": ""moving_average"", ""synthetic_category"": ""near_boundary_unsupported"", ""synthetic_replicate"": 1, ""weber_boundary"": 15.96}",,,196,2.224918305068862,SYN-007,generated_demo,synthetic,1.0,30,30,16781,DEMO004-004,4,15.96,-3.074019945262941,17.07927878224899,12.0,8.0,2,"Reject as noise, an error, or a duplicate.",83,"[""Repeatability after setting changes""]",Repeatability after setting changes,,[],3.0,,Yes,[],,,27.76178750111089,[],{},2026-08-05T16:50:43.422263+00:00,0,0,0,0,0,1,0,0,0,1,2.0,0,1,0,0,1,0,1.0,1.0,0.83,0.17000000000000004,,,,
503410c3-68e7-4660-9086-a79193b23af1,Reject,0.2175261728472668,2,4.53000020980835,REAL-001,2,13.5,1607,peakaboo,baseline|peakaboo|peakaboo_recommendation,baseline>peakaboo>peakaboo_recommendation,11.990940463878124,,Low,Conflict detected,True,parameter_sensitive,unfavorable_algorithm_vs_supported_reference,Reject,supported,3.483447891200764e-05,51.0,False,REA-PAIR-07,9,0.45,20,0.0550485495477914,True,0.000417698174715,"{""detector_version"": ""peakaboo-study-1.0"", ""matching_tolerance_samples"": 8, ""minimum_distance"": 22, ""noise_window"": 51, ""perturbation_noise_model"": ""Normal(0, local_sigma * scale)"", ""perturbation_runs"": 30, ""perturbation_scale"": 0.55, ""prominence_floor"": 0.00018, ""segment_overlap_points"": 100, ""segment_points"": 500, ""smooth_window"": 2, ""smoothing_method"": ""moving_average"", ""source_label_file"": ""peak_df.xlsx"", ""source_peak_index"": 2718, ""source_time_range"": [0.0, 13.0], ""weber_boundary"": 15.96}",4.54166666666667,4.505,180,6.623189397414574,REAL-001,chromatograms.h5,real,1.0,30,30,682620,DEMO004-005,5,15.96,-3.969059536121876,7.700217665511474,4.829999923706055,4.230000019073486,1,Accept as a peak.,80,"[""Repeatability after signal changes""]",Repeatability after signal changes,,[],2.0,,Yes,[],,,38.172276899598096,[],{},2026-08-05T16:50:43.424619+00:00,0,0,0,0,0,0,1,0,1,0,1.0,1,0,0,0,1,0,1.0,1.0,0.8,0.19999999999999996,,,,
503410c3-68e7-4660-9086-a79193b23af1,Reject,0.221273541205649,2,0.0066666668280959,REAL-003,3,12.0,3419,peakaboo,baseline|peakaboo|peakaboo_recommendation,baseline>peakaboo>peakaboo_recommendation,12.14322291476348,,Low,Conflict detected,True,stable_unsupported,detectability_vs_stability,Reject,unsupported,4.054113116816314e-05,11.0,False,REA-PAIR-08,7,0.35,20,0.0005473000055644,True,0.0004923000051348,"{""detector_version"": ""peakaboo-study-1.0"", ""matching_tolerance_samples"": 8, ""minimum_distance"": 22, ""noise_window"": 51, ""perturbation_noise_model"": ""Normal(0, local_sigma * scale)"", ""perturbation_runs"": 30, ""perturbation_scale"": 0.55, ""prominence_floor"": 0.00018, ""segment_overlap_points"": 100, ""segment_points"": 500, ""smooth_window"": 2, ""smoothing_method"": ""moving_average"", ""source_label_file"": ""peak_df.xlsx"", ""source_peak_index"": 4, ""source_time_range"": [0.0, 13.0], ""weber_boundary"": 15.96}",,,4,2.315962261922051,REAL-003,chromatograms.h5,real,1.0,30,30,970832,DEMO004-006,6,15.96,-3.81677708523652,4.74964561420398,0.3066666722297668,0.0,2,"Reject as noise, an error, or a duplicate.",73,"[""Repeatability after setting changes""]",Repeatability after setting changes,,[],2.0,,Yes,[],,,49.04028957565304,[],{},2026-08-05T16:50:43.426931+00:00,0,0,0,0,0,1,0,0,0,1,2.0,0,1,0,0,1,0,1.0,1.0,0.73,0.27,,,,
503410c3-68e7-4660-9086-a79193b23af1,Reject,0.0224618157484059,3,10.04,SYN-007,1,13.0,synthetic_7,peakaboo_recommendation,baseline|peakaboo|peakaboo_recommendation,baseline>peakaboo>peakaboo_recommendation,12.88598005473706,Accept,Low,Mostly consistent,True,near_boundary_unsupported,detectability_vs_stability,Reject,unsupported,0.0019513757710725,38.0,False,SYN-PAIR-08,12,0.6,20,0.0719575041562646,True,0.0251453892782242,"{""detector_version"": ""peakaboo-study-1.0"", ""matching_tolerance_samples"": 6, ""minimum_distance"": 22, ""noise_window"": 51, ""perturbation_noise_model"": ""Normal(0, local_sigma * scale)"", ""perturbation_runs"": 30, ""perturbation_scale"": 0.55, ""prominence_floor"": 0.00018, ""segment_overlap_points"": 100, ""segment_points"": 500, ""smooth_window"": 2, ""smoothing_method"": ""moving_average"", ""synthetic_category"": ""near_boundary_unsupported"", ""synthetic_replicate"": 1, ""weber_boundary"": 15.96}",,,196,2.224918305068862,SYN-007,generated_demo,synthetic,1.0,30,30,16781,DEMO004-007,7,15.96,-3.074019945262941,17.07927878224899,12.0,8.0,1,Accept as a peak.,87,"[""How clearly it stands out""]",How clearly it stands out,,[],5.0,,Yes,[],Accept,1.0,23.6742353644901,[],{},2026-08-05T16:50:43.429314+00:00,0,1,0,0,0,0,0,0,0,1,2.0,0,0,1,0,1,0,0.0,0.0,0.87,0.87,1.0,1.0,0.0,over_reliance
503410c3-68e7-4660-9086-a79193b23af1,Reject,0.2175261728472668,3,4.53000020980835,REAL-001,2,13.5,1607,peakaboo_recommendation,baseline|peakaboo|peakaboo_recommendation,baseline>peakaboo>peakaboo_recommendation,11.990940463878124,Accept,Low,Conflict detected,True,parameter_sensitive,unfavorable_algorithm_vs_supported_reference,Reject,supported,3.483447891200764e-05,51.0,False,REA-PAIR-07,9,0.45,20,0.0550485495477914,True,0.000417698174715,"{""detector_version"": ""peakaboo-study-1.0"", ""matching_tolerance_samples"": 8, ""minimum_distance"": 22, ""noise_window"": 51, ""perturbation_noise_model"": ""Normal(0, local_sigma * scale)"", ""perturbation_runs"": 30, ""perturbation_scale"": 0.55, ""prominence_floor"": 0.00018, ""segment_overlap_points"": 100, ""segment_points"": 500, ""smooth_window"": 2, ""smoothing_method"": ""moving_average"", ""source_label_file"": ""peak_df.xlsx"", ""source_peak_index"": 2718, ""source_time_range"": [0.0, 13.0], ""weber_boundary"": 15.96}",4.54166666666667,4.505,180,6.623189397414574,REAL-001,chromatograms.h5,real,1.0,30,30,682620,DEMO004-008,8,15.96,-3.969059536121876,7.700217665511474,4.829999923706055,4.230000019073486,1,Accept as a peak.,76,"[""How clearly it stands out""]",How clearly it stands out,,[],4.0,,Yes,[],Accept,1.0,25.07514221653947,[],{},2026-08-05T16:50:43.431517+00:00,0,1,0,0,0,0,0,0,1,0,1.0,1,0,0,0,1,0,1.0,1.0,0.76,0.24,1.0,1.0,1.0,appropriate_reliance
503410c3-68e7-4660-9086-a79193b23af1,Reject,0.221273541205649,3,0.0066666668280959,REAL-003,3,12.0,3419,peakaboo_recommendation,baseline|peakaboo|peakaboo_recommendation,baseline>peakaboo>peakaboo_recommendation,12.14322291476348,Accept,Low,Conflict detected,True,stable_unsupported,detectability_vs_stability,Reject,unsupported,4.054113116816314e-05,11.0,False,REA-PAIR-08,7,0.35,20,0.0005473000055644,True,0.0004923000051348,"{""detector_version"": ""peakaboo-study-1.0"", ""matching_tolerance_samples"": 8, ""minimum_distance"": 22, ""noise_window"": 51, ""perturbation_noise_model"": ""Normal(0, local_sigma * scale)"", ""perturbation_runs"": 30, ""perturbation_scale"": 0.55, ""prominence_floor"": 0.00018, ""segment_overlap_points"": 100, ""segment_points"": 500, ""smooth_window"": 2, ""smoothing_method"": ""moving_average"", ""source_label_file"": ""peak_df.xlsx"", ""source_peak_index"": 4, ""source_time_range"": [0.0, 13.0], ""weber_boundary"": 15.96}",,,4,2.315962261922051,REAL-003,chromatograms.h5,real,1.0,30,30,970832,DEMO004-009,9,15.96,-3.81677708523652,4.74964561420398,0.3066666722297668,0.0,1,Accept as a peak.,83,"[""How clearly it stands out""]",How clearly it stands out,,[],2.0,,Yes,[],Accept,1.0,30.87672611690384,[],{},2026-08-05T16:50:43.433848+00:00,0,1,0,0,0,0,0,0,0,1,2.0,0,0,1,0,1,0,0.0,0.0,0.83,0.83,1.0,1.0,0.0,over_reliance
13313f9a-3141-4d77-b28b-b8620f18e479,Defer,0.0346148372669181,1,9.99,SYN-005,1,13.0,synthetic_5,baseline,baseline|peakaboo|peakaboo_recommendation,baseline>peakaboo>peakaboo_recommendation,13.537409757347,,Low,Mostly consistent,True,near_boundary_supported,detectability_vs_stability,Defer,supported,0.0019875838737579,inf,False,SYN-PAIR-07,13,0.65,20,0.0743550127655038,True,0.0269067373396937,"{""detector_version"": ""peakaboo-study-1.0"", ""matching_tolerance_samples"": 6, ""minimum_distance"": 22, ""noise_window"": 51, ""perturbation_noise_model"": ""Normal(0, local_sigma * scale)"", ""perturbation_runs"": 30, ""perturbation_scale"": 0.55, ""prominence_floor"": 0.00018, ""segment_overlap_points"": 100, ""segment_points"": 500, ""smooth_window"": 2, ""smoothing_method"": ""moving_average"", ""synthetic_category"": ""near_boundary_supported"", ""synthetic_replicate"": 1, ""weber_boundary"": 15.96}",10.16,9.86,199,inf,SYN-005,generated_demo,synthetic,1.0,30,30,28170,DEMO005-001,1,15.96,-2.4225902426530013,19.49802939620119,12.0,8.0,1,Accept as a peak.,75,"[""Peak shape""]",Peak shape,,[],,,Yes,[],,,51.975100690088794,[],{},2026-08-05T16:50:43.509557+00:00,0,0,0,0,1,0,0,0,1,0,1.0,1,0,0,0,1,0,1.0,1.0,0.75,0.25,,,,
13313f9a-3141-4d77-b28b-b8620f18e479,Reject,0.2175261728472668,1,4.53000020980835,REAL-001,2,13.5,1607,baseline,baseline|peakaboo|peakaboo_recommendation,baseline>peakaboo>peakaboo_recommendation,11.990940463878124,,Low,Conflict detected,True,parameter_sensitive,unfavorable_algorithm_vs_supported_reference,Reject,supported,3.483447891200764e-05,51.0,False,REA-PAIR-07,9,0.45,20,0.0550485495477914,True,0.000417698174715,"{""detector_version"": ""peakaboo-study-1.0"", ""matching_tolerance_samples"": 8, ""minimum_distance"": 22, ""noise_window"": 51, ""perturbation_noise_model"": ""Normal(0, local_sigma * scale)"", ""perturbation_runs"": 30, ""perturbation_scale"": 0.55, ""prominence_floor"": 0.00018, ""segment_overlap_points"": 100, ""segment_points"": 500, ""smooth_window"": 2, ""smoothing_method"": ""moving_average"", ""source_label_file"": ""peak_df.xlsx"", ""source_peak_index"": 2718, ""source_time_range"": [0.0, 13.0], ""weber_boundary"": 15.96}",4.54166666666667,4.505,180,6.623189397414574,REAL-001,chromatograms.h5,real,1.0,30,30,836429,DEMO005-002,2,15.96,-3.969059536121876,7.700217665511474,4.829999923706055,4.230000019073486,3,Defer for more review.,89,"[""Signal strength""]",Signal strength,,[],,,Yes,[],,,54.48343926754827,[],{},2026-08-05T16:50:43.512768+00:00,0,0,0,0,0,0,0,1,1,0,1.0,0,0,0,0,1,1,0.0,0.0,0.89,0.89,,,,
13313f9a-3141-4d77-b28b-b8620f18e479,Reject,0.0294378845818416,1,9.98,SYN-013,3,13.0,synthetic_13,baseline,baseline|peakaboo|peakaboo_recommendation,baseline>peakaboo>peakaboo_recommendation,19.86599261256988,,High,Conflict detected,True,high_detectability_low_stability,unfavorable_algorithm_vs_supported_reference,Reject,supported,0.0006718439365513,7.0,True,SYN-PAIR-05,13,0.65,20,0.0626555329254845,True,0.013346846700194,"{""detector_version"": ""peakaboo-study-1.0"", ""matching_tolerance_samples"": 1, ""minimum_distance"": 22, ""noise_window"": 51, ""perturbation_noise_model"": ""Normal(0, local_sigma * scale)"", ""perturbation_runs"": 30, ""perturbation_scale"": 1.1, ""prominence_floor"": 0.00018, ""segment_overlap_points"": 100, ""segment_points"": 500, ""smooth_window"": 2, ""smoothing_method"": ""moving_average"", ""synthetic_category"": ""high_detectability_low_stability"", ""synthetic_replicate"": 1, ""weber_boundary"": 15.96}",10.16,9.86,198,0.4720353182288295,SYN-013,generated_demo,synthetic,0.5666666666666667,17,30,3956,DEMO005-003,3,15.96,3.905992612569879,14.829398838767816,12.0,8.0,1,Accept as a peak.,70,"[""Peak shape""]",Peak shape,,[],,,Yes,[],,,28.105408168529262,[],{},2026-08-05T16:50:43.516275+00:00,0,0,0,0,1,0,0,0,1,0,1.0,1,0,0,0,1,0,1.0,1.0,0.7,0.30000000000000004,,,,
13313f9a-3141-4d77-b28b-b8620f18e479,Defer,0.0346148372669181,2,9.99,SYN-005,1,13.0,synthetic_5,peakaboo,baseline|peakaboo|peakaboo_recommendation,baseline>peakaboo>peakaboo_recommendation,13.537409757347,,Low,Mostly consistent,True,near_boundary_supported,detectability_vs_stability,Defer,supported,0.0019875838737579,inf,False,SYN-PAIR-07,13,0.65,20,0.0743550127655038,True,0.0269067373396937,"{""detector_version"": ""peakaboo-study-1.0"", ""matching_tolerance_samples"": 6, ""minimum_distance"": 22, ""noise_window"": 51, ""perturbation_noise_model"": ""Normal(0, local_sigma * scale)"", ""perturbation_runs"": 30, ""perturbation_scale"": 0.55, ""prominence_floor"": 0.00018, ""segment_overlap_points"": 100, ""segment_points"": 500, ""smooth_window"": 2, ""smoothing_method"": ""moving_average"", ""synthetic_category"": ""near_boundary_supported"", ""synthetic_replicate"": 1, ""weber_boundary"": 15.96}",10.16,9.86,199,inf,SYN-005,generated_demo,synthetic,1.0,30,30,28170,DEMO005-004,4,15.96,-2.4225902426530013,19.49802939620119,12.0,8.0,3,Defer for more review.,50,"[""Repeatability after signal changes""]",Repeatability after signal changes,,[],3.0,,Yes,[],,,36.63902834780683,[],{},2026-08-05T16:50:43.518451+00:00,0,0,0,0,0,0,1,0,1,0,1.0,0,0,0,0,1,1,0.0,0.0,0.5,0.5,,,,
13313f9a-3141-4d77-b28b-b8620f18e479,Reject,0.2175261728472668,2,4.53000020980835,REAL-001,2,13.5,1607,peakaboo,baseline|peakaboo|peakaboo_recommendation,baseline>peakaboo>peakaboo_recommendation,11.990940463878124,,Low,Conflict detected,True,parameter_sensitive,unfavorable_algorithm_vs_supported_reference,Reject,supported,3.483447891200764e-05,51.0,False,REA-PAIR-07,9,0.45,20,0.0550485495477914,True,0.000417698174715,"{""detector_version"": ""peakaboo-study-1.0"", ""matching_tolerance_samples"": 8, ""minimum_distance"": 22, ""noise_window"": 51, ""perturbation_noise_model"": ""Normal(0, local_sigma * scale)"", ""perturbation_runs"": 30, ""perturbation_scale"": 0.55, ""prominence_floor"": 0.00018, ""segment_overlap_points"": 100, ""segment_points"": 500, ""smooth_window"": 2, ""smoothing_method"": ""moving_average"", ""source_label_file"": ""peak_df.xlsx"", ""source_peak_index"": 2718, ""source_time_range"": [0.0, 13.0], ""weber_boundary"": 15.96}",4.54166666666667,4.505,180,6.623189397414574,REAL-001,chromatograms.h5,real,1.0,30,30,836429,DEMO005-005,5,15.96,-3.969059536121876,7.700217665511474,4.829999923706055,4.230000019073486,1,Accept as a peak.,93,"[""Overlap or duplicate warning""]",Overlap or duplicate warning,,[],2.0,,Yes,[],,,22.652688044940643,[],{},2026-08-05T16:50:43.521163+00:00,0,0,0,1,0,0,0,0,1,0,1.0,1,0,0,0,1,0,1.0,1.0,0.93,0.06999999999999995,,,,
13313f9a-3141-4d77-b28b-b8620f18e479,Reject,0.0294378845818416,2,9.98,SYN-013,3,13.0,synthetic_13,peakaboo,baseline|peakaboo|peakaboo_recommendation,baseline>peakaboo>peakaboo_recommendation,19.86599261256988,,High,Conflict detected,True,high_detectability_low_stability,unfavorable_algorithm_vs_supported_reference,Reject,supported,0.0006718439365513,7.0,True,SYN-PAIR-05,13,0.65,20,0.0626555329254845,True,0.013346846700194,"{""detector_version"": ""peakaboo-study-1.0"", ""matching_tolerance_samples"": 1, ""minimum_distance"": 22, ""noise_window"": 51, ""perturbation_noise_model"": ""Normal(0, local_sigma * scale)"", ""perturbation_runs"": 30, ""perturbation_scale"": 1.1, ""prominence_floor"": 0.00018, ""segment_overlap_points"": 100, ""segment_points"": 500, ""smooth_window"": 2, ""smoothing_method"": ""moving_average"", ""synthetic_category"": ""high_detectability_low_stability"", ""synthetic_replicate"": 1, ""weber_boundary"": 15.96}",10.16,9.86,198,0.4720353182288295,SYN-013,generated_demo,synthetic,0.5666666666666667,17,30,3956,DEMO005-006,6,15.96,3.905992612569879,14.829398838767816,12.0,8.0,1,Accept as a peak.,72,"[""Repeatability after setting changes""]",Repeatability after setting changes,,[],3.0,,Yes,[],,,43.350019278255,[],{},2026-08-05T16:50:43.523654+00:00,0,0,0,0,0,1,0,0,1,0,1.0,1,0,0,0,1,0,1.0,1.0,0.72,0.28,,,,
13313f9a-3141-4d77-b28b-b8620f18e479,Defer,0.0346148372669181,3,9.99,SYN-005,1,13.0,synthetic_5,peakaboo_recommendation,baseline|peakaboo|peakaboo_recommendation,baseline>peakaboo>peakaboo_recommendation,13.537409757347,Accept,Low,Mostly consistent,True,near_boundary_supported,detectability_vs_stability,Defer,supported,0.0019875838737579,inf,False,SYN-PAIR-07,13,0.65,20,0.0743550127655038,True,0.0269067373396937,"{""detector_version"": ""peakaboo-study-1.0"", ""matching_tolerance_samples"": 6, ""minimum_distance"": 22, ""noise_window"": 51, ""perturbation_noise_model"": ""Normal(0, local_sigma * scale)"", ""perturbation_runs"": 30, ""perturbation_scale"": 0.55, ""prominence_floor"": 0.00018, ""segment_overlap_points"": 100, ""segment_points"": 500, ""smooth_window"": 2, ""smoothing_method"": ""moving_average"", ""synthetic_category"": ""near_boundary_supported"", ""synthetic_replicate"": 1, ""weber_boundary"": 15.96}",10.16,9.86,199,inf,SYN-005,generated_demo,synthetic,1.0,30,30,28170,DEMO005-007,7,15.96,-2.4225902426530013,19.49802939620119,12.0,8.0,1,Accept as a peak.,87,"[""AI says this is a peak""]",AI says this is a peak,,[],5.0,,Yes,[],Accept,1.0,22.85270696440753,[],{},2026-08-05T16:50:43.525992+00:00,1,0,0,0,0,0,0,0,1,0,1.0,1,0,0,0,1,0,1.0,1.0,0.87,0.13,1.0,1.0,1.0,appropriate_reliance
13313f9a-3141-4d77-b28b-b8620f18e479,Reject,0.2175261728472668,3,4.53000020980835,REAL-001,2,13.5,1607,peakaboo_recommendation,baseline|peakaboo|peakaboo_recommendation,baseline>peakaboo>peakaboo_recommendation,11.990940463878124,Accept,Low,Conflict detected,True,parameter_sensitive,unfavorable_algorithm_vs_supported_reference,Reject,supported,3.483447891200764e-05,51.0,False,REA-PAIR-07,9,0.45,20,0.0550485495477914,True,0.000417698174715,"{""detector_version"": ""peakaboo-study-1.0"", ""matching_tolerance_samples"": 8, ""minimum_distance"": 22, ""noise_window"": 51, ""perturbation_noise_model"": ""Normal(0, local_sigma * scale)"", ""perturbation_runs"": 30, ""perturbation_scale"": 0.55, ""prominence_floor"": 0.00018, ""segment_overlap_points"": 100, ""segment_points"": 500, ""smooth_window"": 2, ""smoothing_method"": ""moving_average"", ""source_label_file"": ""peak_df.xlsx"", ""source_peak_index"": 2718, ""source_time_range"": [0.0, 13.0], ""weber_boundary"": 15.96}",4.54166666666667,4.505,180,6.623189397414574,REAL-001,chromatograms.h5,real,1.0,30,30,836429,DEMO005-008,8,15.96,-3.969059536121876,7.700217665511474,4.829999923706055,4.230000019073486,1,Accept as a peak.,55,"[""How clearly it stands out""]",How clearly it stands out,,[],2.0,,Yes,[],Accept,1.0,36.51228943505051,[],{},2026-08-05T16:50:43.528414+00:00,0,1,0,0,0,0,0,0,1,0,1.0,1,0,0,0,1,0,1.0,1.0,0.55,0.44999999999999996,1.0,1.0,1.0,appropriate_reliance
13313f9a-3141-4d77-b28b-b8620f18e479,Reject,0.0294378845818416,3,9.98,SYN-013,3,13.0,synthetic_13,peakaboo_recommendation,baseline|peakaboo|peakaboo_recommendation,baseline>peakaboo>peakaboo_recommendation,19.86599261256988,Accept,High,Conflict detected,True,high_detectability_low_stability,unfavorable_algorithm_vs_supported_reference,Reject,supported,0.0006718439365513,7.0,True,SYN-PAIR-05,13,0.65,20,0.0626555329254845,True,0.013346846700194,"{""detector_version"": ""peakaboo-study-1.0"", ""matching_tolerance_samples"": 1, ""minimum_distance"": 22, ""noise_window"": 51, ""perturbation_noise_model"": ""Normal(0, local_sigma * scale)"", ""perturbation_runs"": 30, ""perturbation_scale"": 1.1, ""prominence_floor"": 0.00018, ""segment_overlap_points"": 100, ""segment_points"": 500, ""smooth_window"": 2, ""smoothing_method"": ""moving_average"", ""synthetic_category"": ""high_detectability_low_stability"", ""synthetic_replicate"": 1, ""weber_boundary"": 15.96}",10.16,9.86,198,0.4720353182288295,SYN-013,generated_demo,synthetic,0.5666666666666667,17,30,3956,DEMO005-009,9,15.96,3.905992612569879,14.829398838767816,12.0,8.0,1,Accept as a peak.,60,"[""AI says this is a peak""]",AI says this is a peak,,[],5.0,,Yes,[],Accept,1.0,52.774579440946816,[],{},2026-08-05T16:50:43.530816+00:00,1,0,0,0,0,0,0,0,1,0,1.0,1,0,0,0,1,0,1.0,1.0,0.6,0.4,1.0,1.0,1.0,appropriate_reliance
a196a3dd-4f8c-4633-a102-6a695aa976df,Defer,0.0122195133470987,1,10.05,SYN-006,1,13.0,synthetic_6,baseline,baseline|peakaboo|peakaboo_recommendation,baseline>peakaboo>peakaboo_recommendation,13.88737013163067,,Low,Mostly consistent,True,near_boundary_supported,detectability_vs_stability,Defer,supported,0.0020903655636277,inf,False,SYN-PAIR-07,13,0.65,20,0.0757892490570719,True,0.0290296803064,"{""detector_version"": ""peakaboo-study-1.0"", ""matching_tolerance_samples"": 6, ""minimum_distance"": 22, ""noise_window"": 51, ""perturbation_noise_model"": ""Normal(0, local_sigma * scale)"", ""perturbation_runs"": 30, ""perturbation_scale"": 0.55, ""prominence_floor"": 0.00018, ""segment_overlap_points"": 100, ""segment_points"": 500, ""smooth_window"": 2, ""smoothing_method"": ""moving_average"", ""synthetic_category"": ""near_boundary_supported"", ""synthetic_replicate"": 2, ""weber_boundary"": 15.96}",10.19,9.89,195,inf,SYN-006,generated_demo,synthetic,1.0,30,30,93581,DEMO006-001,1,15.96,-2.072629868369331,21.55458181879206,12.0,8.0,1,Accept as a peak.,59,"[""Signal strength""]",Signal strength,,[],,,Yes,[],,,50.67225512555528,[],{},2026-08-05T16:50:43.603200+00:00,0,0,0,0,0,0,0,1,1,0,1.0,1,0,0,0,1,0,1.0,1.0,0.59,0.41000000000000003,,,,
a196a3dd-4f8c-4633-a102-6a695aa976df,Reject,0.2175261728472668,1,4.53000020980835,REAL-001,2,13.5,1607,baseline,baseline|peakaboo|peakaboo_recommendation,baseline>peakaboo>peakaboo_recommendation,11.990940463878124,,Low,Conflict detected,True,parameter_sensitive,unfavorable_algorithm_vs_supported_reference,Reject,supported,3.483447891200764e-05,51.0,False,REA-PAIR-07,9,0.45,20,0.0550485495477914,True,0.000417698174715,"{""detector_version"": ""peakaboo-study-1.0"", ""matching_tolerance_samples"": 8, ""minimum_distance"": 22, ""noise_window"": 51, ""perturbation_noise_model"": ""Normal(0, local_sigma * scale)"", ""perturbation_runs"": 30, ""perturbation_scale"": 0.55, ""prominence_floor"": 0.00018, ""segment_overlap_points"": 100, ""segment_points"": 500, ""smooth_window"": 2, ""smoothing_method"": ""moving_average"", ""source_label_file"": ""peak_df.xlsx"", ""source_peak_index"": 2718, ""source_time_range"": [0.0, 13.0], ""weber_boundary"": 15.96}",4.54166666666667,4.505,180,6.623189397414574,REAL-001,chromatograms.h5,real,1.0,30,30,594736,DEMO006-002,2,15.96,-3.969059536121876,7.700217665511474,4.829999923706055,4.230000019073486,1,Accept as a peak.,76,"[""Local noise or baseline""]",Local noise or baseline,,[],,,Yes,[],,,19.555522120357082,[],{},2026-08-05T16:50:43.605942+00:00,0,0,1,0,0,0,0,0,1,0,1.0,1,0,0,0,1,0,1.0,1.0,0.76,0.24,,,,
a196a3dd-4f8c-4633-a102-6a695aa976df,Reject,0.221273541205649,1,0.0066666668280959,REAL-003,3,12.0,3419,baseline,baseline|peakaboo|peakaboo_recommendation,baseline>peakaboo>peakaboo_recommendation,12.14322291476348,,Low,Conflict detected,True,stable_unsupported,detectability_vs_stability,Reject,unsupported,4.054113116816314e-05,11.0,False,REA-PAIR-08,7,0.35,20,0.0005473000055644,True,0.0004923000051348,"{""detector_version"": ""peakaboo-study-1.0"", ""matching_tolerance_samples"": 8, ""minimum_distance"": 22, ""noise_window"": 51, ""perturbation_noise_model"": ""Normal(0, local_sigma * scale)"", ""perturbation_runs"": 30, ""perturbation_scale"": 0.55, ""prominence_floor"": 0.00018, ""segment_overlap_points"": 100, ""segment_points"": 500, ""smooth_window"": 2, ""smoothing_method"": ""moving_average"", ""source_label_file"": ""peak_df.xlsx"", ""source_peak_index"": 4, ""source_time_range"": [0.0, 13.0], ""weber_boundary"": 15.96}",,,4,2.315962261922051,REAL-003,chromatograms.h5,real,1.0,30,30,104800,DEMO006-003,3,15.96,-3.81677708523652,4.74964561420398,0.3066666722297668,0.0,2,"Reject as noise, an error, or a duplicate.",67,"[""Signal strength""]",Signal strength,,[],,,Yes,[],,,49.97305677673729,[],{},2026-08-05T16:50:43.608521+00:00,0,0,0,0,0,0,0,1,0,1,2.0,0,1,0,0,1,0,1.0,1.0,0.67,0.32999999999999996,,,,
a196a3dd-4f8c-4633-a102-6a695aa976df,Defer,0.0122195133470987,2,10.05,SYN-006,1,13.0,synthetic_6,peakaboo,baseline|peakaboo|peakaboo_recommendation,baseline>peakaboo>peakaboo_recommendation,13.88737013163067,,Low,Mostly consistent,True,near_boundary_supported,detectability_vs_stability,Defer,supported,0.0020903655636277,inf,False,SYN-PAIR-07,13,0.65,20,0.0757892490570719,True,0.0290296803064,"{""detector_version"": ""peakaboo-study-1.0"", ""matching_tolerance_samples"": 6, ""minimum_distance"": 22, ""noise_window"": 51, ""perturbation_noise_model"": ""Normal(0, local_sigma * scale)"", ""perturbation_runs"": 30, ""perturbation_scale"": 0.55, ""prominence_floor"": 0.00018, ""segment_overlap_points"": 100, ""segment_points"": 500, ""smooth_window"": 2, ""smoothing_method"": ""moving_average"", ""synthetic_category"": ""near_boundary_supported"", ""synthetic_replicate"": 2, ""weber_boundary"": 15.96}",10.19,9.89,195,inf,SYN-006,generated_demo,synthetic,1.0,30,30,93581,DEMO006-004,4,15.96,-2.072629868369331,21.55458181879206,12.0,8.0,1,Accept as a peak.,88,"[""Repeatability after setting changes""]",Repeatability after setting changes,,[],2.0,,Yes,[],,,52.30742938405744,[],{},2026-08-05T16:50:43.610729+00:00,0,0,0,0,0,1,0,0,1,0,1.0,1,0,0,0,1,0,1.0,1.0,0.88,0.12,,,,
a196a3dd-4f8c-4633-a102-6a695aa976df,Reject,0.2175261728472668,2,4.53000020980835,REAL-001,2,13.5,1607,peakaboo,baseline|peakaboo|peakaboo_recommendation,baseline>peakaboo>peakaboo_recommendation,11.990940463878124,,Low,Conflict detected,True,parameter_sensitive,unfavorable_algorithm_vs_supported_reference,Reject,supported,3.483447891200764e-05,51.0,False,REA-PAIR-07,9,0.45,20,0.0550485495477914,True,0.000417698174715,"{""detector_version"": ""peakaboo-study-1.0"", ""matching_tolerance_samples"": 8, ""minimum_distance"": 22, ""noise_window"": 51, ""perturbation_noise_model"": ""Normal(0, local_sigma * scale)"", ""perturbation_runs"": 30, ""perturbation_scale"": 0.55, ""prominence_floor"": 0.00018, ""segment_overlap_points"": 100, ""segment_points"": 500, ""smooth_window"": 2, ""smoothing_method"": ""moving_average"", ""source_label_file"": ""peak_df.xlsx"", ""source_peak_index"": 2718, ""source_time_range"": [0.0, 13.0], ""weber_boundary"": 15.96}",4.54166666666667,4.505,180,6.623189397414574,REAL-001,chromatograms.h5,real,1.0,30,30,594736,DEMO006-005,5,15.96,-3.969059536121876,7.700217665511474,4.829999923706055,4.230000019073486,1,Accept as a peak.,57,"[""How clearly it stands out""]",How clearly it stands out,,[],5.0,,Yes,[],,,13.515171551411498,[],{},2026-08-05T16:50:43.613826+00:00,0,1,0,0,0,0,0,0,1,0,1.0,1,0,0,0,1,0,1.0,1.0,0.57,0.43000000000000005,,,,
a196a3dd-4f8c-4633-a102-6a695aa976df,Reject,0.221273541205649,2,0.0066666668280959,REAL-003,3,12.0,3419,peakaboo,baseline|peakaboo|peakaboo_recommendation,baseline>peakaboo>peakaboo_recommendation,12.14322291476348,,Low,Conflict detected,True,stable_unsupported,detectability_vs_stability,Reject,unsupported,4.054113116816314e-05,11.0,False,REA-PAIR-08,7,0.35,20,0.0005473000055644,True,0.0004923000051348,"{""detector_version"": ""peakaboo-study-1.0"", ""matching_tolerance_samples"": 8, ""minimum_distance"": 22, ""noise_window"": 51, ""perturbation_noise_model"": ""Normal(0, local_sigma * scale)"", ""perturbation_runs"": 30, ""perturbation_scale"": 0.55, ""prominence_floor"": 0.00018, ""segment_overlap_points"": 100, ""segment_points"": 500, ""smooth_window"": 2, ""smoothing_method"": ""moving_average"", ""source_label_file"": ""peak_df.xlsx"", ""source_peak_index"": 4, ""source_time_range"": [0.0, 13.0], ""weber_boundary"": 15.96}",,,4,2.315962261922051,REAL-003,chromatograms.h5,real,1.0,30,30,104800,DEMO006-006,6,15.96,-3.81677708523652,4.74964561420398,0.3066666722297668,0.0,1,Accept as a peak.,88,"[""Overlap or duplicate warning""]",Overlap or duplicate warning,,[],2.0,,Yes,[],,,35.374985554172255,[],{},2026-08-05T16:50:43.615812+00:00,0,0,0,1,0,0,0,0,0,1,2.0,0,0,1,0,1,0,0.0,0.0,0.88,0.88,,,,
a196a3dd-4f8c-4633-a102-6a695aa976df,Defer,0.0122195133470987,3,10.05,SYN-006,1,13.0,synthetic_6,peakaboo_recommendation,baseline|peakaboo|peakaboo_recommendation,baseline>peakaboo>peakaboo_recommendation,13.88737013163067,Accept,Low,Mostly consistent,True,near_boundary_supported,detectability_vs_stability,Defer,supported,0.0020903655636277,inf,False,SYN-PAIR-07,13,0.65,20,0.0757892490570719,True,0.0290296803064,"{""detector_version"": ""peakaboo-study-1.0"", ""matching_tolerance_samples"": 6, ""minimum_distance"": 22, ""noise_window"": 51, ""perturbation_noise_model"": ""Normal(0, local_sigma * scale)"", ""perturbation_runs"": 30, ""perturbation_scale"": 0.55, ""prominence_floor"": 0.00018, ""segment_overlap_points"": 100, ""segment_points"": 500, ""smooth_window"": 2, ""smoothing_method"": ""moving_average"", ""synthetic_category"": ""near_boundary_supported"", ""synthetic_replicate"": 2, ""weber_boundary"": 15.96}",10.19,9.89,195,inf,SYN-006,generated_demo,synthetic,1.0,30,30,93581,DEMO006-007,7,15.96,-2.072629868369331,21.55458181879206,12.0,8.0,1,Accept as a peak.,75,"[""How clearly it stands out""]",How clearly it stands out,,[],3.0,,Yes,[],Accept,1.0,15.432262061200984,[],{},2026-08-05T16:50:43.617914+00:00,0,1,0,0,0,0,0,0,1,0,1.0,1,0,0,0,1,0,1.0,1.0,0.75,0.25,1.0,1.0,1.0,appropriate_reliance
a196a3dd-4f8c-4633-a102-6a695aa976df,Reject,0.2175261728472668,3,4.53000020980835,REAL-001,2,13.5,1607,peakaboo_recommendation,baseline|peakaboo|peakaboo_recommendation,baseline>peakaboo>peakaboo_recommendation,11.990940463878124,Accept,Low,Conflict detected,True,parameter_sensitive,unfavorable_algorithm_vs_supported_reference,Reject,supported,3.483447891200764e-05,51.0,False,REA-PAIR-07,9,0.45,20,0.0550485495477914,True,0.000417698174715,"{""detector_version"": ""peakaboo-study-1.0"", ""matching_tolerance_samples"": 8, ""minimum_distance"": 22, ""noise_window"": 51, ""perturbation_noise_model"": ""Normal(0, local_sigma * scale)"", ""perturbation_runs"": 30, ""perturbation_scale"": 0.55, ""prominence_floor"": 0.00018, ""segment_overlap_points"": 100, ""segment_points"": 500, ""smooth_window"": 2, ""smoothing_method"": ""moving_average"", ""source_label_file"": ""peak_df.xlsx"", ""source_peak_index"": 2718, ""source_time_range"": [0.0, 13.0], ""weber_boundary"": 15.96}",4.54166666666667,4.505,180,6.623189397414574,REAL-001,chromatograms.h5,real,1.0,30,30,594736,DEMO006-008,8,15.96,-3.969059536121876,7.700217665511474,4.829999923706055,4.230000019073486,1,Accept as a peak.,83,"[""AI says this is a peak""]",AI says this is a peak,,[],4.0,,Yes,[],Accept,1.0,27.766616818561594,[],{},2026-08-05T16:50:43.619870+00:00,1,0,0,0,0,0,0,0,1,0,1.0,1,0,0,0,1,0,1.0,1.0,0.83,0.17000000000000004,1.0,1.0,1.0,appropriate_reliance
a196a3dd-4f8c-4633-a102-6a695aa976df,Reject,0.221273541205649,3,0.0066666668280959,REAL-003,3,12.0,3419,peakaboo_recommendation,baseline|peakaboo|peakaboo_recommendation,baseline>peakaboo>peakaboo_recommendation,12.14322291476348,Accept,Low,Conflict detected,True,stable_unsupported,detectability_vs_stability,Reject,unsupported,4.054113116816314e-05,11.0,False,REA-PAIR-08,7,0.35,20,0.0005473000055644,True,0.0004923000051348,"{""detector_version"": ""peakaboo-study-1.0"", ""matching_tolerance_samples"": 8, ""minimum_distance"": 22, ""noise_window"": 51, ""perturbation_noise_model"": ""Normal(0, local_sigma * scale)"", ""perturbation_runs"": 30, ""perturbation_scale"": 0.55, ""prominence_floor"": 0.00018, ""segment_overlap_points"": 100, ""segment_points"": 500, ""smooth_window"": 2, ""smoothing_method"": ""moving_average"", ""source_label_file"": ""peak_df.xlsx"", ""source_peak_index"": 4, ""source_time_range"": [0.0, 13.0], ""weber_boundary"": 15.96}",,,4,2.315962261922051,REAL-003,chromatograms.h5,real,1.0,30,30,104800,DEMO006-009,9,15.96,-3.81677708523652,4.74964561420398,0.3066666722297668,0.0,1,Accept as a peak.,83,"[""How clearly it stands out""]",How clearly it stands out,,[],3.0,,Yes,[],Accept,1.0,49.18990132048442,[],{},2026-08-05T16:50:43.621849+00:00,0,1,0,0,0,0,0,0,0,1,2.0,0,0,1,0,1,0,0.0,0.0,0.83,0.83,1.0,1.0,0.0,over_reliance
97a247ad-d7eb-4d30-94cc-83253931b41d,Defer,0.0122195133470987,1,10.05,SYN-006,1,13.0,synthetic_6,baseline,baseline|peakaboo|peakaboo_recommendation,baseline>peakaboo>peakaboo_recommendation,13.88737013163067,,Low,Mostly consistent,True,near_boundary_supported,detectability_vs_stability,Defer,supported,0.0020903655636277,inf,False,SYN-PAIR-07,13,0.65,20,0.0757892490570719,True,0.0290296803064,"{""detector_version"": ""peakaboo-study-1.0"", ""matching_tolerance_samples"": 6, ""minimum_distance"": 22, ""noise_window"": 51, ""perturbation_noise_model"": ""Normal(0, local_sigma * scale)"", ""perturbation_runs"": 30, ""perturbation_scale"": 0.55, ""prominence_floor"": 0.00018, ""segment_overlap_points"": 100, ""segment_points"": 500, ""smooth_window"": 2, ""smoothing_method"": ""moving_average"", ""synthetic_category"": ""near_boundary_supported"", ""synthetic_replicate"": 2, ""weber_boundary"": 15.96}",10.19,9.89,195,inf,SYN-006,generated_demo,synthetic,1.0,30,30,103007,DEMO007-001,1,15.96,-2.072629868369331,21.55458181879206,12.0,8.0,1,Accept as a peak.,56,"[""Peak shape""]",Peak shape,,[],,,Yes,[],,,52.22915334100223,[],{},2026-08-05T16:50:43.700953+00:00,0,0,0,0,1,0,0,0,1,0,1.0,1,0,0,0,1,0,1.0,1.0,0.56,0.43999999999999995,,,,
97a247ad-d7eb-4d30-94cc-83253931b41d,Reject,0.2175261728472668,1,4.53000020980835,REAL-001,2,13.5,1607,baseline,baseline|peakaboo|peakaboo_recommendation,baseline>peakaboo>peakaboo_recommendation,11.990940463878124,,Low,Conflict detected,True,parameter_sensitive,unfavorable_algorithm_vs_supported_reference,Reject,supported,3.483447891200764e-05,51.0,False,REA-PAIR-07,9,0.45,20,0.0550485495477914,True,0.000417698174715,"{""detector_version"": ""peakaboo-study-1.0"", ""matching_tolerance_samples"": 8, ""minimum_distance"": 22, ""noise_window"": 51, ""perturbation_noise_model"": ""Normal(0, local_sigma * scale)"", ""perturbation_runs"": 30, ""perturbation_scale"": 0.55, ""prominence_floor"": 0.00018, ""segment_overlap_points"": 100, ""segment_points"": 500, ""smooth_window"": 2, ""smoothing_method"": ""moving_average"", ""source_label_file"": ""peak_df.xlsx"", ""source_peak_index"": 2718, ""source_time_range"": [0.0, 13.0], ""weber_boundary"": 15.96}",4.54166666666667,4.505,180,6.623189397414574,REAL-001,chromatograms.h5,real,1.0,30,30,600216,DEMO007-002,2,15.96,-3.969059536121876,7.700217665511474,4.829999923706055,4.230000019073486,1,Accept as a peak.,82,"[""Local noise or baseline""]",Local noise or baseline,,[],,,Yes,[],,,32.14827043248921,[],{},2026-08-05T16:50:43.704423+00:00,0,0,1,0,0,0,0,0,1,0,1.0,1,0,0,0,1,0,1.0,1.0,0.82,0.18000000000000005,,,,
97a247ad-d7eb-4d30-94cc-83253931b41d,Reject,0.221273541205649,1,0.0066666668280959,REAL-003,3,12.0,3419,baseline,baseline|peakaboo|peakaboo_recommendation,baseline>peakaboo>peakaboo_recommendation,12.14322291476348,,Low,Conflict detected,True,stable_unsupported,detectability_vs_stability,Reject,unsupported,4.054113116816314e-05,11.0,False,REA-PAIR-08,7,0.35,20,0.0005473000055644,True,0.0004923000051348,"{""detector_version"": ""peakaboo-study-1.0"", ""matching_tolerance_samples"": 8, ""minimum_distance"": 22, ""noise_window"": 51, ""perturbation_noise_model"": ""Normal(0, local_sigma * scale)"", ""perturbation_runs"": 30, ""perturbation_scale"": 0.55, ""prominence_floor"": 0.00018, ""segment_overlap_points"": 100, ""segment_points"": 500, ""smooth_window"": 2, ""smoothing_method"": ""moving_average"", ""source_label_file"": ""peak_df.xlsx"", ""source_peak_index"": 4, ""source_time_range"": [0.0, 13.0], ""weber_boundary"": 15.96}",,,4,2.315962261922051,REAL-003,chromatograms.h5,real,1.0,30,30,361093,DEMO007-003,3,15.96,-3.81677708523652,4.74964561420398,0.3066666722297668,0.0,2,"Reject as noise, an error, or a duplicate.",93,"[""Peak shape""]",Peak shape,,[],,,Yes,[],,,26.920612369226994,[],{},2026-08-05T16:50:43.706974+00:00,0,0,0,0,1,0,0,0,0,1,2.0,0,1,0,0,1,0,1.0,1.0,0.93,0.06999999999999995,,,,
97a247ad-d7eb-4d30-94cc-83253931b41d,Defer,0.0122195133470987,2,10.05,SYN-006,1,13.0,synthetic_6,peakaboo,baseline|peakaboo|peakaboo_recommendation,baseline>peakaboo>peakaboo_recommendation,13.88737013163067,,Low,Mostly consistent,True,near_boundary_supported,detectability_vs_stability,Defer,supported,0.0020903655636277,inf,False,SYN-PAIR-07,13,0.65,20,0.0757892490570719,True,0.0290296803064,"{""detector_version"": ""peakaboo-study-1.0"", ""matching_tolerance_samples"": 6, ""minimum_distance"": 22, ""noise_window"": 51, ""perturbation_noise_model"": ""Normal(0, local_sigma * scale)"", ""perturbation_runs"": 30, ""perturbation_scale"": 0.55, ""prominence_floor"": 0.00018, ""segment_overlap_points"": 100, ""segment_points"": 500, ""smooth_window"": 2, ""smoothing_method"": ""moving_average"", ""synthetic_category"": ""near_boundary_supported"", ""synthetic_replicate"": 2, ""weber_boundary"": 15.96}",10.19,9.89,195,inf,SYN-006,generated_demo,synthetic,1.0,30,30,103007,DEMO007-004,4,15.96,-2.072629868369331,21.55458181879206,12.0,8.0,1,Accept as a peak.,82,"[""Repeatability after signal changes""]",Repeatability after signal changes,,[],3.0,,Yes,[],,,22.11172238919852,[],{},2026-08-05T16:50:43.710525+00:00,0,0,0,0,0,0,1,0,1,0,1.0,1,0,0,0,1,0,1.0,1.0,0.82,0.18000000000000005,,,,
97a247ad-d7eb-4d30-94cc-83253931b41d,Reject,0.2175261728472668,2,4.53000020980835,REAL-001,2,13.5,1607,peakaboo,baseline|peakaboo|peakaboo_recommendation,baseline>peakaboo>peakaboo_recommendation,11.990940463878124,,Low,Conflict detected,True,parameter_sensitive,unfavorable_algorithm_vs_supported_reference,Reject,supported,3.483447891200764e-05,51.0,False,REA-PAIR-07,9,0.45,20,0.0550485495477914,True,0.000417698174715,"{""detector_version"": ""peakaboo-study-1.0"", ""matching_tolerance_samples"": 8, ""minimum_distance"": 22, ""noise_window"": 51, ""perturbation_noise_model"": ""Normal(0, local_sigma * scale)"", ""perturbation_runs"": 30, ""perturbation_scale"": 0.55, ""prominence_floor"": 0.00018, ""segment_overlap_points"": 100, ""segment_points"": 500, ""smooth_window"": 2, ""smoothing_method"": ""moving_average"", ""source_label_file"": ""peak_df.xlsx"", ""source_peak_index"": 2718, ""source_time_range"": [0.0, 13.0], ""weber_boundary"": 15.96}",4.54166666666667,4.505,180,6.623189397414574,REAL-001,chromatograms.h5,real,1.0,30,30,600216,DEMO007-005,5,15.96,-3.969059536121876,7.700217665511474,4.829999923706055,4.230000019073486,1,Accept as a peak.,65,"[""How clearly it stands out""]",How clearly it stands out,,[],2.0,,Yes,[],,,35.442330365739515,[],{},2026-08-05T16:50:43.713731+00:00,0,1,0,0,0,0,0,0,1,0,1.0,1,0,0,0,1,0,1.0,1.0,0.65,0.35,,,,
97a247ad-d7eb-4d30-94cc-83253931b41d,Reject,0.221273541205649,2,0.0066666668280959,REAL-003,3,12.0,3419,peakaboo,baseline|peakaboo|peakaboo_recommendation,baseline>peakaboo>peakaboo_recommendation,12.14322291476348,,Low,Conflict detected,True,stable_unsupported,detectability_vs_stability,Reject,unsupported,4.054113116816314e-05,11.0,False,REA-PAIR-08,7,0.35,20,0.0005473000055644,True,0.0004923000051348,"{""detector_version"": ""peakaboo-study-1.0"", ""matching_tolerance_samples"": 8, ""minimum_distance"": 22, ""noise_window"": 51, ""perturbation_noise_model"": ""Normal(0, local_sigma * scale)"", ""perturbation_runs"": 30, ""perturbation_scale"": 0.55, ""prominence_floor"": 0.00018, ""segment_overlap_points"": 100, ""segment_points"": 500, ""smooth_window"": 2, ""smoothing_method"": ""moving_average"", ""source_label_file"": ""peak_df.xlsx"", ""source_peak_index"": 4, ""source_time_range"": [0.0, 13.0], ""weber_boundary"": 15.96}",,,4,2.315962261922051,REAL-003,chromatograms.h5,real,1.0,30,30,361093,DEMO007-006,6,15.96,-3.81677708523652,4.74964561420398,0.3066666722297668,0.0,2,"Reject as noise, an error, or a duplicate.",61,"[""Repeatability after signal changes""]",Repeatability after signal changes,,[],2.0,,Yes,[],,,19.41955205658097,[],{},2026-08-05T16:50:43.715925+00:00,0,0,0,0,0,0,1,0,0,1,2.0,0,1,0,0,1,0,1.0,1.0,0.61,0.39,,,,
97a247ad-d7eb-4d30-94cc-83253931b41d,Defer,0.0122195133470987,3,10.05,SYN-006,1,13.0,synthetic_6,peakaboo_recommendation,baseline|peakaboo|peakaboo_recommendation,baseline>peakaboo>peakaboo_recommendation,13.88737013163067,Accept,Low,Mostly consistent,True,near_boundary_supported,detectability_vs_stability,Defer,supported,0.0020903655636277,inf,False,SYN-PAIR-07,13,0.65,20,0.0757892490570719,True,0.0290296803064,"{""detector_version"": ""peakaboo-study-1.0"", ""matching_tolerance_samples"": 6, ""minimum_distance"": 22, ""noise_window"": 51, ""perturbation_noise_model"": ""Normal(0, local_sigma * scale)"", ""perturbation_runs"": 30, ""perturbation_scale"": 0.55, ""prominence_floor"": 0.00018, ""segment_overlap_points"": 100, ""segment_points"": 500, ""smooth_window"": 2, ""smoothing_method"": ""moving_average"", ""synthetic_category"": ""near_boundary_supported"", ""synthetic_replicate"": 2, ""weber_boundary"": 15.96}",10.19,9.89,195,inf,SYN-006,generated_demo,synthetic,1.0,30,30,103007,DEMO007-007,7,15.96,-2.072629868369331,21.55458181879206,12.0,8.0,1,Accept as a peak.,68,"[""How clearly it stands out""]",How clearly it stands out,,[],4.0,,Yes,[],Accept,1.0,42.709124394804775,[],{},2026-08-05T16:50:43.719190+00:00,0,1,0,0,0,0,0,0,1,0,1.0,1,0,0,0,1,0,1.0,1.0,0.68,0.31999999999999995,1.0,1.0,1.0,appropriate_reliance
97a247ad-d7eb-4d30-94cc-83253931b41d,Reject,0.2175261728472668,3,4.53000020980835,REAL-001,2,13.5,1607,peakaboo_recommendation,baseline|peakaboo|peakaboo_recommendation,baseline>peakaboo>peakaboo_recommendation,11.990940463878124,Accept,Low,Conflict detected,True,parameter_sensitive,unfavorable_algorithm_vs_supported_reference,Reject,supported,3.483447891200764e-05,51.0,False,REA-PAIR-07,9,0.45,20,0.0550485495477914,True,0.000417698174715,"{""detector_version"": ""peakaboo-study-1.0"", ""matching_tolerance_samples"": 8, ""minimum_distance"": 22, ""noise_window"": 51, ""perturbation_noise_model"": ""Normal(0, local_sigma * scale)"", ""perturbation_runs"": 30, ""perturbation_scale"": 0.55, ""prominence_floor"": 0.00018, ""segment_overlap_points"": 100, ""segment_points"": 500, ""smooth_window"": 2, ""smoothing_method"": ""moving_average"", ""source_label_file"": ""peak_df.xlsx"", ""source_peak_index"": 2718, ""source_time_range"": [0.0, 13.0], ""weber_boundary"": 15.96}",4.54166666666667,4.505,180,6.623189397414574,REAL-001,chromatograms.h5,real,1.0,30,30,600216,DEMO007-008,8,15.96,-3.969059536121876,7.700217665511474,4.829999923706055,4.230000019073486,1,Accept as a peak.,51,"[""How clearly it stands out""]",How clearly it stands out,,[],2.0,,Yes,[],Accept,1.0,14.467885904735331,[],{},2026-08-05T16:50:43.721321+00:00,0,1,0,0,0,0,0,0,1,0,1.0,1,0,0,0,1,0,1.0,1.0,0.51,0.49,1.0,1.0,1.0,appropriate_reliance
97a247ad-d7eb-4d30-94cc-83253931b41d,Reject,0.221273541205649,3,0.0066666668280959,REAL-003,3,12.0,3419,peakaboo_recommendation,baseline|peakaboo|peakaboo_recommendation,baseline>peakaboo>peakaboo_recommendation,12.14322291476348,Accept,Low,Conflict detected,True,stable_unsupported,detectability_vs_stability,Reject,unsupported,4.054113116816314e-05,11.0,False,REA-PAIR-08,7,0.35,20,0.0005473000055644,True,0.0004923000051348,"{""detector_version"": ""peakaboo-study-1.0"", ""matching_tolerance_samples"": 8, ""minimum_distance"": 22, ""noise_window"": 51, ""perturbation_noise_model"": ""Normal(0, local_sigma * scale)"", ""perturbation_runs"": 30, ""perturbation_scale"": 0.55, ""prominence_floor"": 0.00018, ""segment_overlap_points"": 100, ""segment_points"": 500, ""smooth_window"": 2, ""smoothing_method"": ""moving_average"", ""source_label_file"": ""peak_df.xlsx"", ""source_peak_index"": 4, ""source_time_range"": [0.0, 13.0], ""weber_boundary"": 15.96}",,,4,2.315962261922051,REAL-003,chromatograms.h5,real,1.0,30,30,361093,DEMO007-009,9,15.96,-3.81677708523652,4.74964561420398,0.3066666722297668,0.0,2,"Reject as noise, an error, or a duplicate.",71,"[""Repeatability after signal changes""]",Repeatability after signal changes,,[],3.0,,Yes,[],Accept,0.0,32.33469884994736,[],{},2026-08-05T16:50:43.723779+00:00,0,0,0,0,0,0,1,0,0,1,2.0,0,1,0,0,1,0,1.0,1.0,0.71,0.29000000000000004,1.0,0.0,0.0,appropriate_skepticism
c63f09f8-6992-4d72-93a1-95a81f0d8c2a,Defer,0.0346148372669181,1,9.99,SYN-005,1,13.0,synthetic_5,baseline,baseline|peakaboo|peakaboo_recommendation,baseline>peakaboo>peakaboo_recommendation,13.537409757347,,Low,Mostly consistent,True,near_boundary_supported,detectability_vs_stability,Defer,supported,0.0019875838737579,inf,False,SYN-PAIR-07,13,0.65,20,0.0743550127655038,True,0.0269067373396937,"{""detector_version"": ""peakaboo-study-1.0"", ""matching_tolerance_samples"": 6, ""minimum_distance"": 22, ""noise_window"": 51, ""perturbation_noise_model"": ""Normal(0, local_sigma * scale)"", ""perturbation_runs"": 30, ""perturbation_scale"": 0.55, ""prominence_floor"": 0.00018, ""segment_overlap_points"": 100, ""segment_points"": 500, ""smooth_window"": 2, ""smoothing_method"": ""moving_average"", ""synthetic_category"": ""near_boundary_supported"", ""synthetic_replicate"": 1, ""weber_boundary"": 15.96}",10.16,9.86,199,inf,SYN-005,generated_demo,synthetic,1.0,30,30,160576,DEMO008-001,1,15.96,-2.4225902426530013,19.49802939620119,12.0,8.0,1,Accept as a peak.,59,"[""Local noise or baseline""]",Local noise or baseline,,[],,,Yes,[],,,29.48447132182218,[],{},2026-08-05T16:50:43.802421+00:00,0,0,1,0,0,0,0,0,1,0,1.0,1,0,0,0,1,0,1.0,1.0,0.59,0.41000000000000003,,,,
c63f09f8-6992-4d72-93a1-95a81f0d8c2a,Reject,0.2175261728472668,1,4.53000020980835,REAL-001,2,13.5,1607,baseline,baseline|peakaboo|peakaboo_recommendation,baseline>peakaboo>peakaboo_recommendation,11.990940463878124,,Low,Conflict detected,True,parameter_sensitive,unfavorable_algorithm_vs_supported_reference,Reject,supported,3.483447891200764e-05,51.0,False,REA-PAIR-07,9,0.45,20,0.0550485495477914,True,0.000417698174715,"{""detector_version"": ""peakaboo-study-1.0"", ""matching_tolerance_samples"": 8, ""minimum_distance"": 22, ""noise_window"": 51, ""perturbation_noise_model"": ""Normal(0, local_sigma * scale)"", ""perturbation_runs"": 30, ""perturbation_scale"": 0.55, ""prominence_floor"": 0.00018, ""segment_overlap_points"": 100, ""segment_points"": 500, ""smooth_window"": 2, ""smoothing_method"": ""moving_average"", ""source_label_file"": ""peak_df.xlsx"", ""source_peak_index"": 2718, ""source_time_range"": [0.0, 13.0], ""weber_boundary"": 15.96}",4.54166666666667,4.505,180,6.623189397414574,REAL-001,chromatograms.h5,real,1.0,30,30,623435,DEMO008-002,2,15.96,-3.969059536121876,7.700217665511474,4.829999923706055,4.230000019073486,1,Accept as a peak.,47,"[""Signal strength""]",Signal strength,,[],,,Yes,[],,,43.99870624262637,[],{},2026-08-05T16:50:43.804965+00:00,0,0,0,0,0,0,0,1,1,0,1.0,1,0,0,0,1,0,1.0,1.0,0.47,0.53,,,,
c63f09f8-6992-4d72-93a1-95a81f0d8c2a,Reject,0.0294378845818416,1,9.98,SYN-013,3,13.0,synthetic_13,baseline,baseline|peakaboo|peakaboo_recommendation,baseline>peakaboo>peakaboo_recommendation,19.86599261256988,,High,Conflict detected,True,high_detectability_low_stability,unfavorable_algorithm_vs_supported_reference,Reject,supported,0.0006718439365513,7.0,True,SYN-PAIR-05,13,0.65,20,0.0626555329254845,True,0.013346846700194,"{""detector_version"": ""peakaboo-study-1.0"", ""matching_tolerance_samples"": 1, ""minimum_distance"": 22, ""noise_window"": 51, ""perturbation_noise_model"": ""Normal(0, local_sigma * scale)"", ""perturbation_runs"": 30, ""perturbation_scale"": 1.1, ""prominence_floor"": 0.00018, ""segment_overlap_points"": 100, ""segment_points"": 500, ""smooth_window"": 2, ""smoothing_method"": ""moving_average"", ""synthetic_category"": ""high_detectability_low_stability"", ""synthetic_replicate"": 1, ""weber_boundary"": 15.96}",10.16,9.86,198,0.4720353182288295,SYN-013,generated_demo,synthetic,0.5666666666666667,17,30,236724,DEMO008-003,3,15.96,3.905992612569879,14.829398838767816,12.0,8.0,1,Accept as a peak.,83,"[""Signal strength""]",Signal strength,,[],,,Yes,[],,,36.70982616573572,[],{},2026-08-05T16:50:43.807181+00:00,0,0,0,0,0,0,0,1,1,0,1.0,1,0,0,0,1,0,1.0,1.0,0.83,0.17000000000000004,,,,
c63f09f8-6992-4d72-93a1-95a81f0d8c2a,Defer,0.0346148372669181,2,9.99,SYN-005,1,13.0,synthetic_5,peakaboo,baseline|peakaboo|peakaboo_recommendation,baseline>peakaboo>peakaboo_recommendation,13.537409757347,,Low,Mostly consistent,True,near_boundary_supported,detectability_vs_stability,Defer,supported,0.0019875838737579,inf,False,SYN-PAIR-07,13,0.65,20,0.0743550127655038,True,0.0269067373396937,"{""detector_version"": ""peakaboo-study-1.0"", ""matching_tolerance_samples"": 6, ""minimum_distance"": 22, ""noise_window"": 51, ""perturbation_noise_model"": ""Normal(0, local_sigma * scale)"", ""perturbation_runs"": 30, ""perturbation_scale"": 0.55, ""prominence_floor"": 0.00018, ""segment_overlap_points"": 100, ""segment_points"": 500, ""smooth_window"": 2, ""smoothing_method"": ""moving_average"", ""synthetic_category"": ""near_boundary_supported"", ""synthetic_replicate"": 1, ""weber_boundary"": 15.96}",10.16,9.86,199,inf,SYN-005,generated_demo,synthetic,1.0,30,30,160576,DEMO008-004,4,15.96,-2.4225902426530013,19.49802939620119,12.0,8.0,1,Accept as a peak.,54,"[""How clearly it stands out""]",How clearly it stands out,,[],5.0,,Yes,[],,,50.26155842709498,[],{},2026-08-05T16:50:43.809626+00:00,0,1,0,0,0,0,0,0,1,0,1.0,1,0,0,0,1,0,1.0,1.0,0.54,0.45999999999999996,,,,
c63f09f8-6992-4d72-93a1-95a81f0d8c2a,Reject,0.2175261728472668,2,4.53000020980835,REAL-001,2,13.5,1607,peakaboo,baseline|peakaboo|peakaboo_recommendation,baseline>peakaboo>peakaboo_recommendation,11.990940463878124,,Low,Conflict detected,True,parameter_sensitive,unfavorable_algorithm_vs_supported_reference,Reject,supported,3.483447891200764e-05,51.0,False,REA-PAIR-07,9,0.45,20,0.0550485495477914,True,0.000417698174715,"{""detector_version"": ""peakaboo-study-1.0"", ""matching_tolerance_samples"": 8, ""minimum_distance"": 22, ""noise_window"": 51, ""perturbation_noise_model"": ""Normal(0, local_sigma * scale)"", ""perturbation_runs"": 30, ""perturbation_scale"": 0.55, ""prominence_floor"": 0.00018, ""segment_overlap_points"": 100, ""segment_points"": 500, ""smooth_window"": 2, ""smoothing_method"": ""moving_average"", ""source_label_file"": ""peak_df.xlsx"", ""source_peak_index"": 2718, ""source_time_range"": [0.0, 13.0], ""weber_boundary"": 15.96}",4.54166666666667,4.505,180,6.623189397414574,REAL-001,chromatograms.h5,real,1.0,30,30,623435,DEMO008-005,5,15.96,-3.969059536121876,7.700217665511474,4.829999923706055,4.230000019073486,3,Defer for more review.,86,"[""Repeatability after setting changes""]",Repeatability after setting changes,,[],2.0,,Yes,[],,,44.88095538971839,[],{},2026-08-05T16:50:43.812056+00:00,0,0,0,0,0,1,0,0,1,0,1.0,0,0,0,0,1,1,0.0,0.0,0.86,0.86,,,,
c63f09f8-6992-4d72-93a1-95a81f0d8c2a,Reject,0.0294378845818416,2,9.98,SYN-013,3,13.0,synthetic_13,peakaboo,baseline|peakaboo|peakaboo_recommendation,baseline>peakaboo>peakaboo_recommendation,19.86599261256988,,High,Conflict detected,True,high_detectability_low_stability,unfavorable_algorithm_vs_supported_reference,Reject,supported,0.0006718439365513,7.0,True,SYN-PAIR-05,13,0.65,20,0.0626555329254845,True,0.013346846700194,"{""detector_version"": ""peakaboo-study-1.0"", ""matching_tolerance_samples"": 1, ""minimum_distance"": 22, ""noise_window"": 51, ""perturbation_noise_model"": ""Normal(0, local_sigma * scale)"", ""perturbation_runs"": 30, ""perturbation_scale"": 1.1, ""prominence_floor"": 0.00018, ""segment_overlap_points"": 100, ""segment_points"": 500, ""smooth_window"": 2, ""smoothing_method"": ""moving_average"", ""synthetic_category"": ""high_detectability_low_stability"", ""synthetic_replicate"": 1, ""weber_boundary"": 15.96}",10.16,9.86,198,0.4720353182288295,SYN-013,generated_demo,synthetic,0.5666666666666667,17,30,236724,DEMO008-006,6,15.96,3.905992612569879,14.829398838767816,12.0,8.0,2,"Reject as noise, an error, or a duplicate.",72,"[""Repeatability after setting changes""]",Repeatability after setting changes,,[],5.0,,Yes,[],,,50.4933787548494,[],{},2026-08-05T16:50:43.814474+00:00,0,0,0,0,0,1,0,0,1,0,1.0,0,0,0,1,1,0,0.0,0.0,0.72,0.72,,,,
c63f09f8-6992-4d72-93a1-95a81f0d8c2a,Defer,0.0346148372669181,3,9.99,SYN-005,1,13.0,synthetic_5,peakaboo_recommendation,baseline|peakaboo|peakaboo_recommendation,baseline>peakaboo>peakaboo_recommendation,13.537409757347,Accept,Low,Mostly consistent,True,near_boundary_supported,detectability_vs_stability,Defer,supported,0.0019875838737579,inf,False,SYN-PAIR-07,13,0.65,20,0.0743550127655038,True,0.0269067373396937,"{""detector_version"": ""peakaboo-study-1.0"", ""matching_tolerance_samples"": 6, ""minimum_distance"": 22, ""noise_window"": 51, ""perturbation_noise_model"": ""Normal(0, local_sigma * scale)"", ""perturbation_runs"": 30, ""perturbation_scale"": 0.55, ""prominence_floor"": 0.00018, ""segment_overlap_points"": 100, ""segment_points"": 500, ""smooth_window"": 2, ""smoothing_method"": ""moving_average"", ""synthetic_category"": ""near_boundary_supported"", ""synthetic_replicate"": 1, ""weber_boundary"": 15.96}",10.16,9.86,199,inf,SYN-005,generated_demo,synthetic,1.0,30,30,160576,DEMO008-007,7,15.96,-2.4225902426530013,19.49802939620119,12.0,8.0,1,Accept as a peak.,50,"[""Repeatability after signal changes""]",Repeatability after signal changes,,[],5.0,,Yes,[],Accept,1.0,44.455142466101556,[],{},2026-08-05T16:50:43.816979+00:00,0,0,0,0,0,0,1,0,1,0,1.0,1,0,0,0,1,0,1.0,1.0,0.5,0.5,1.0,1.0,1.0,appropriate_reliance
c63f09f8-6992-4d72-93a1-95a81f0d8c2a,Reject,0.2175261728472668,3,4.53000020980835,REAL-001,2,13.5,1607,peakaboo_recommendation,baseline|peakaboo|peakaboo_recommendation,baseline>peakaboo>peakaboo_recommendation,11.990940463878124,Accept,Low,Conflict detected,True,parameter_sensitive,unfavorable_algorithm_vs_supported_reference,Reject,supported,3.483447891200764e-05,51.0,False,REA-PAIR-07,9,0.45,20,0.0550485495477914,True,0.000417698174715,"{""detector_version"": ""peakaboo-study-1.0"", ""matching_tolerance_samples"": 8, ""minimum_distance"": 22, ""noise_window"": 51, ""perturbation_noise_model"": ""Normal(0, local_sigma * scale)"", ""perturbation_runs"": 30, ""perturbation_scale"": 0.55, ""prominence_floor"": 0.00018, ""segment_overlap_points"": 100, ""segment_points"": 500, ""smooth_window"": 2, ""smoothing_method"": ""moving_average"", ""source_label_file"": ""peak_df.xlsx"", ""source_peak_index"": 2718, ""source_time_range"": [0.0, 13.0], ""weber_boundary"": 15.96}",4.54166666666667,4.505,180,6.623189397414574,REAL-001,chromatograms.h5,real,1.0,30,30,623435,DEMO008-008,8,15.96,-3.969059536121876,7.700217665511474,4.829999923706055,4.230000019073486,1,Accept as a peak.,72,"[""AI says this is a peak""]",AI says this is a peak,,[],3.0,,Yes,[],Accept,1.0,44.58147948722625,[],{},2026-08-05T16:50:43.819405+00:00,1,0,0,0,0,0,0,0,1,0,1.0,1,0,0,0,1,0,1.0,1.0,0.72,0.28,1.0,1.0,1.0,appropriate_reliance
c63f09f8-6992-4d72-93a1-95a81f0d8c2a,Reject,0.0294378845818416,3,9.98,SYN-013,3,13.0,synthetic_13,peakaboo_recommendation,baseline|peakaboo|peakaboo_recommendation,baseline>peakaboo>peakaboo_recommendation,19.86599261256988,Accept,High,Conflict detected,True,high_detectability_low_stability,unfavorable_algorithm_vs_supported_reference,Reject,supported,0.0006718439365513,7.0,True,SYN-PAIR-05,13,0.65,20,0.0626555329254845,True,0.013346846700194,"{""detector_version"": ""peakaboo-study-1.0"", ""matching_tolerance_samples"": 1, ""minimum_distance"": 22, ""noise_window"": 51, ""perturbation_noise_model"": ""Normal(0, local_sigma * scale)"", ""perturbation_runs"": 30, ""perturbation_scale"": 1.1, ""prominence_floor"": 0.00018, ""segment_overlap_points"": 100, ""segment_points"": 500, ""smooth_window"": 2, ""smoothing_method"": ""moving_average"", ""synthetic_category"": ""high_detectability_low_stability"", ""synthetic_replicate"": 1, ""weber_boundary"": 15.96}",10.16,9.86,198,0.4720353182288295,SYN-013,generated_demo,synthetic,0.5666666666666667,17,30,236724,DEMO008-009,9,15.96,3.905992612569879,14.829398838767816,12.0,8.0,1,Accept as a peak.,58,"[""How clearly it stands out""]",How clearly it stands out,,[],5.0,,Yes,[],Accept,1.0,35.01517746895361,[],{},2026-08-05T16:50:43.821552+00:00,0,1,0,0,0,0,0,0,1,0,1.0,1,0,0,0,1,0,1.0,1.0,0.58,0.42000000000000004,1.0,1.0,1.0,appropriate_reliance
2b53b17c-752c-4187-8d1c-f380458444c5,Defer,0.0122195133470987,1,10.05,SYN-006,1,13.0,synthetic_6,baseline,baseline|peakaboo|peakaboo_recommendation,baseline>peakaboo>peakaboo_recommendation,13.88737013163067,,Low,Mostly consistent,True,near_boundary_supported,detectability_vs_stability,Defer,supported,0.0020903655636277,inf,False,SYN-PAIR-07,13,0.65,20,0.0757892490570719,True,0.0290296803064,"{""detector_version"": ""peakaboo-study-1.0"", ""matching_tolerance_samples"": 6, ""minimum_distance"": 22, ""noise_window"": 51, ""perturbation_noise_model"": ""Normal(0, local_sigma * scale)"", ""perturbation_runs"": 30, ""perturbation_scale"": 0.55, ""prominence_floor"": 0.00018, ""segment_overlap_points"": 100, ""segment_points"": 500, ""smooth_window"": 2, ""smoothing_method"": ""moving_average"", ""synthetic_category"": ""near_boundary_supported"", ""synthetic_replicate"": 2, ""weber_boundary"": 15.96}",10.19,9.89,195,inf,SYN-006,generated_demo,synthetic,1.0,30,30,2775,DEMO009-001,1,15.96,-2.072629868369331,21.55458181879206,12.0,8.0,1,Accept as a peak.,93,"[""Local noise or baseline""]",Local noise or baseline,,[],,,Yes,[],,,16.42313270336929,[],{},2026-08-05T16:50:43.898247+00:00,0,0,1,0,0,0,0,0,1,0,1.0,1,0,0,0,1,0,1.0,1.0,0.93,0.06999999999999995,,,,
2b53b17c-752c-4187-8d1c-f380458444c5,Reject,0.2175261728472668,1,4.53000020980835,REAL-001,2,13.5,1607,baseline,baseline|peakaboo|peakaboo_recommendation,baseline>peakaboo>peakaboo_recommendation,11.990940463878124,,Low,Conflict detected,True,parameter_sensitive,unfavorable_algorithm_vs_supported_reference,Reject,supported,3.483447891200764e-05,51.0,False,REA-PAIR-07,9,0.45,20,0.0550485495477914,True,0.000417698174715,"{""detector_version"": ""peakaboo-study-1.0"", ""matching_tolerance_samples"": 8, ""minimum_distance"": 22, ""noise_window"": 51, ""perturbation_noise_model"": ""Normal(0, local_sigma * scale)"", ""perturbation_runs"": 30, ""perturbation_scale"": 0.55, ""prominence_floor"": 0.00018, ""segment_overlap_points"": 100, ""segment_points"": 500, ""smooth_window"": 2, ""smoothing_method"": ""moving_average"", ""source_label_file"": ""peak_df.xlsx"", ""source_peak_index"": 2718, ""source_time_range"": [0.0, 13.0], ""weber_boundary"": 15.96}",4.54166666666667,4.505,180,6.623189397414574,REAL-001,chromatograms.h5,real,1.0,30,30,842346,DEMO009-002,2,15.96,-3.969059536121876,7.700217665511474,4.829999923706055,4.230000019073486,1,Accept as a peak.,93,"[""Signal strength""]",Signal strength,,[],,,Yes,[],,,44.496459815582874,[],{},2026-08-05T16:50:43.902456+00:00,0,0,0,0,0,0,0,1,1,0,1.0,1,0,0,0,1,0,1.0,1.0,0.93,0.06999999999999995,,,,
2b53b17c-752c-4187-8d1c-f380458444c5,Reject,0.221273541205649,1,0.0066666668280959,REAL-003,3,12.0,3419,baseline,baseline|peakaboo|peakaboo_recommendation,baseline>peakaboo>peakaboo_recommendation,12.14322291476348,,Low,Conflict detected,True,stable_unsupported,detectability_vs_stability,Reject,unsupported,4.054113116816314e-05,11.0,False,REA-PAIR-08,7,0.35,20,0.0005473000055644,True,0.0004923000051348,"{""detector_version"": ""peakaboo-study-1.0"", ""matching_tolerance_samples"": 8, ""minimum_distance"": 22, ""noise_window"": 51, ""perturbation_noise_model"": ""Normal(0, local_sigma * scale)"", ""perturbation_runs"": 30, ""perturbation_scale"": 0.55, ""prominence_floor"": 0.00018, ""segment_overlap_points"": 100, ""segment_points"": 500, ""smooth_window"": 2, ""smoothing_method"": ""moving_average"", ""source_label_file"": ""peak_df.xlsx"", ""source_peak_index"": 4, ""source_time_range"": [0.0, 13.0], ""weber_boundary"": 15.96}",,,4,2.315962261922051,REAL-003,chromatograms.h5,real,1.0,30,30,641082,DEMO009-003,3,15.96,-3.81677708523652,4.74964561420398,0.3066666722297668,0.0,2,"Reject as noise, an error, or a duplicate.",79,"[""Peak shape""]",Peak shape,,[],,,Yes,[],,,16.770984089127005,[],{},2026-08-05T16:50:43.904845+00:00,0,0,0,0,1,0,0,0,0,1,2.0,0,1,0,0,1,0,1.0,1.0,0.79,0.20999999999999996,,,,
2b53b17c-752c-4187-8d1c-f380458444c5,Defer,0.0122195133470987,2,10.05,SYN-006,1,13.0,synthetic_6,peakaboo,baseline|peakaboo|peakaboo_recommendation,baseline>peakaboo>peakaboo_recommendation,13.88737013163067,,Low,Mostly consistent,True,near_boundary_supported,detectability_vs_stability,Defer,supported,0.0020903655636277,inf,False,SYN-PAIR-07,13,0.65,20,0.0757892490570719,True,0.0290296803064,"{""detector_version"": ""peakaboo-study-1.0"", ""matching_tolerance_samples"": 6, ""minimum_distance"": 22, ""noise_window"": 51, ""perturbation_noise_model"": ""Normal(0, local_sigma * scale)"", ""perturbation_runs"": 30, ""perturbation_scale"": 0.55, ""prominence_floor"": 0.00018, ""segment_overlap_points"": 100, ""segment_points"": 500, ""smooth_window"": 2, ""smoothing_method"": ""moving_average"", ""synthetic_category"": ""near_boundary_supported"", ""synthetic_replicate"": 2, ""weber_boundary"": 15.96}",10.19,9.89,195,inf,SYN-006,generated_demo,synthetic,1.0,30,30,2775,DEMO009-004,4,15.96,-2.072629868369331,21.55458181879206,12.0,8.0,1,Accept as a peak.,89,"[""Overlap or duplicate warning""]",Overlap or duplicate warning,,[],3.0,,Yes,[],,,34.10716856971271,[],{},2026-08-05T16:50:43.907583+00:00,0,0,0,1,0,0,0,0,1,0,1.0,1,0,0,0,1,0,1.0,1.0,0.89,0.10999999999999999,,,,
2b53b17c-752c-4187-8d1c-f380458444c5,Reject,0.2175261728472668,2,4.53000020980835,REAL-001,2,13.5,1607,peakaboo,baseline|peakaboo|peakaboo_recommendation,baseline>peakaboo>peakaboo_recommendation,11.990940463878124,,Low,Conflict detected,True,parameter_sensitive,unfavorable_algorithm_vs_supported_reference,Reject,supported,3.483447891200764e-05,51.0,False,REA-PAIR-07,9,0.45,20,0.0550485495477914,True,0.000417698174715,"{""detector_version"": ""peakaboo-study-1.0"", ""matching_tolerance_samples"": 8, ""minimum_distance"": 22, ""noise_window"": 51, ""perturbation_noise_model"": ""Normal(0, local_sigma * scale)"", ""perturbation_runs"": 30, ""perturbation_scale"": 0.55, ""prominence_floor"": 0.00018, ""segment_overlap_points"": 100, ""segment_points"": 500, ""smooth_window"": 2, ""smoothing_method"": ""moving_average"", ""source_label_file"": ""peak_df.xlsx"", ""source_peak_index"": 2718, ""source_time_range"": [0.0, 13.0], ""weber_boundary"": 15.96}",4.54166666666667,4.505,180,6.623189397414574,REAL-001,chromatograms.h5,real,1.0,30,30,842346,DEMO009-005,5,15.96,-3.969059536121876,7.700217665511474,4.829999923706055,4.230000019073486,1,Accept as a peak.,50,"[""Repeatability after setting changes""]",Repeatability after setting changes,,[],4.0,,Yes,[],,,18.79923707893262,[],{},2026-08-05T16:50:43.909932+00:00,0,0,0,0,0,1,0,0,1,0,1.0,1,0,0,0,1,0,1.0,1.0,0.5,0.5,,,,
2b53b17c-752c-4187-8d1c-f380458444c5,Reject,0.221273541205649,2,0.0066666668280959,REAL-003,3,12.0,3419,peakaboo,baseline|peakaboo|peakaboo_recommendation,baseline>peakaboo>peakaboo_recommendation,12.14322291476348,,Low,Conflict detected,True,stable_unsupported,detectability_vs_stability,Reject,unsupported,4.054113116816314e-05,11.0,False,REA-PAIR-08,7,0.35,20,0.0005473000055644,True,0.0004923000051348,"{""detector_version"": ""peakaboo-study-1.0"", ""matching_tolerance_samples"": 8, ""minimum_distance"": 22, ""noise_window"": 51, ""perturbation_noise_model"": ""Normal(0, local_sigma * scale)"", ""perturbation_runs"": 30, ""perturbation_scale"": 0.55, ""prominence_floor"": 0.00018, ""segment_overlap_points"": 100, ""segment_points"": 500, ""smooth_window"": 2, ""smoothing_method"": ""moving_average"", ""source_label_file"": ""peak_df.xlsx"", ""source_peak_index"": 4, ""source_time_range"": [0.0, 13.0], ""weber_boundary"": 15.96}",,,4,2.315962261922051,REAL-003,chromatograms.h5,real,1.0,30,30,641082,DEMO009-006,6,15.96,-3.81677708523652,4.74964561420398,0.3066666722297668,0.0,2,"Reject as noise, an error, or a duplicate.",46,"[""Repeatability after signal changes""]",Repeatability after signal changes,,[],5.0,,Yes,[],,,39.63926298482707,[],{},2026-08-05T16:50:43.911895+00:00,0,0,0,0,0,0,1,0,0,1,2.0,0,1,0,0,1,0,1.0,1.0,0.46,0.54,,,,
2b53b17c-752c-4187-8d1c-f380458444c5,Defer,0.0122195133470987,3,10.05,SYN-006,1,13.0,synthetic_6,peakaboo_recommendation,baseline|peakaboo|peakaboo_recommendation,baseline>peakaboo>peakaboo_recommendation,13.88737013163067,Accept,Low,Mostly consistent,True,near_boundary_supported,detectability_vs_stability,Defer,supported,0.0020903655636277,inf,False,SYN-PAIR-07,13,0.65,20,0.0757892490570719,True,0.0290296803064,"{""detector_version"": ""peakaboo-study-1.0"", ""matching_tolerance_samples"": 6, ""minimum_distance"": 22, ""noise_window"": 51, ""perturbation_noise_model"": ""Normal(0, local_sigma * scale)"", ""perturbation_runs"": 30, ""perturbation_scale"": 0.55, ""prominence_floor"": 0.00018, ""segment_overlap_points"": 100, ""segment_points"": 500, ""smooth_window"": 2, ""smoothing_method"": ""moving_average"", ""synthetic_category"": ""near_boundary_supported"", ""synthetic_replicate"": 2, ""weber_boundary"": 15.96}",10.19,9.89,195,inf,SYN-006,generated_demo,synthetic,1.0,30,30,2775,DEMO009-007,7,15.96,-2.072629868369331,21.55458181879206,12.0,8.0,1,Accept as a peak.,56,"[""AI says this is a peak""]",AI says this is a peak,,[],4.0,,Yes,[],Accept,1.0,38.871014839465,[],{},2026-08-05T16:50:43.913889+00:00,1,0,0,0,0,0,0,0,1,0,1.0,1,0,0,0,1,0,1.0,1.0,0.56,0.43999999999999995,1.0,1.0,1.0,appropriate_reliance
2b53b17c-752c-4187-8d1c-f380458444c5,Reject,0.2175261728472668,3,4.53000020980835,REAL-001,2,13.5,1607,peakaboo_recommendation,baseline|peakaboo|peakaboo_recommendation,baseline>peakaboo>peakaboo_recommendation,11.990940463878124,Accept,Low,Conflict detected,True,parameter_sensitive,unfavorable_algorithm_vs_supported_reference,Reject,supported,3.483447891200764e-05,51.0,False,REA-PAIR-07,9,0.45,20,0.0550485495477914,True,0.000417698174715,"{""detector_version"": ""peakaboo-study-1.0"", ""matching_tolerance_samples"": 8, ""minimum_distance"": 22, ""noise_window"": 51, ""perturbation_noise_model"": ""Normal(0, local_sigma * scale)"", ""perturbation_runs"": 30, ""perturbation_scale"": 0.55, ""prominence_floor"": 0.00018, ""segment_overlap_points"": 100, ""segment_points"": 500, ""smooth_window"": 2, ""smoothing_method"": ""moving_average"", ""source_label_file"": ""peak_df.xlsx"", ""source_peak_index"": 2718, ""source_time_range"": [0.0, 13.0], ""weber_boundary"": 15.96}",4.54166666666667,4.505,180,6.623189397414574,REAL-001,chromatograms.h5,real,1.0,30,30,842346,DEMO009-008,8,15.96,-3.969059536121876,7.700217665511474,4.829999923706055,4.230000019073486,1,Accept as a peak.,50,"[""AI says this is a peak""]",AI says this is a peak,,[],2.0,,Yes,[],Accept,1.0,46.191745899484566,[],{},2026-08-05T16:50:43.915831+00:00,1,0,0,0,0,0,0,0,1,0,1.0,1,0,0,0,1,0,1.0,1.0,0.5,0.5,1.0,1.0,1.0,appropriate_reliance
2b53b17c-752c-4187-8d1c-f380458444c5,Reject,0.221273541205649,3,0.0066666668280959,REAL-003,3,12.0,3419,peakaboo_recommendation,baseline|peakaboo|peakaboo_recommendation,baseline>peakaboo>peakaboo_recommendation,12.14322291476348,Accept,Low,Conflict detected,True,stable_unsupported,detectability_vs_stability,Reject,unsupported,4.054113116816314e-05,11.0,False,REA-PAIR-08,7,0.35,20,0.0005473000055644,True,0.0004923000051348,"{""detector_version"": ""peakaboo-study-1.0"", ""matching_tolerance_samples"": 8, ""minimum_distance"": 22, ""noise_window"": 51, ""perturbation_noise_model"": ""Normal(0, local_sigma * scale)"", ""perturbation_runs"": 30, ""perturbation_scale"": 0.55, ""prominence_floor"": 0.00018, ""segment_overlap_points"": 100, ""segment_points"": 500, ""smooth_window"": 2, ""smoothing_method"": ""moving_average"", ""source_label_file"": ""peak_df.xlsx"", ""source_peak_index"": 4, ""source_time_range"": [0.0, 13.0], ""weber_boundary"": 15.96}",,,4,2.315962261922051,REAL-003,chromatograms.h5,real,1.0,30,30,641082,DEMO009-009,9,15.96,-3.81677708523652,4.74964561420398,0.3066666722297668,0.0,1,Accept as a peak.,71,"[""AI says this is a peak""]",AI says this is a peak,,[],2.0,,Yes,[],Accept,1.0,28.990967734250102,[],{},2026-08-05T16:50:43.918093+00:00,1,0,0,0,0,0,0,0,0,1,2.0,0,0,1,0,1,0,0.0,0.0,0.71,0.71,1.0,1.0,0.0,over_reliance
c342fcda-a888-4af9-90ea-b9c69c0bb052,Defer,0.0017161192679425,1,10.04,SYN-008,1,13.0,synthetic_8,baseline,baseline|peakaboo|peakaboo_recommendation,baseline>peakaboo>peakaboo_recommendation,13.529594171521373,,Moderate,Mostly consistent,True,near_boundary_unsupported,detectability_vs_stability,Defer,unsupported,0.0018639880933306,29.0,False,SYN-PAIR-08,12,0.6,20,0.0719803151538431,True,0.0252190024568414,"{""detector_version"": ""peakaboo-study-1.0"", ""matching_tolerance_samples"": 6, ""minimum_distance"": 22, ""noise_window"": 51, ""perturbation_noise_model"": ""Normal(0, local_sigma * scale)"", ""perturbation_runs"": 30, ""perturbation_scale"": 0.55, ""prominence_floor"": 0.00018, ""segment_overlap_points"": 100, ""segment_points"": 500, ""smooth_window"": 2, ""smoothing_method"": ""moving_average"", ""synthetic_category"": ""near_boundary_unsupported"", ""synthetic_replicate"": 2, ""weber_boundary"": 15.96}",,,196,1.699846588064997,SYN-008,generated_demo,synthetic,1.0,30,30,385665,DEMO010-001,1,15.96,-2.4304058284786283,17.060363096067306,12.0,8.0,2,"Reject as noise, an error, or a duplicate.",45,"[""Local noise or baseline""]",Local noise or baseline,,[],,,Yes,[],,,39.54693237497406,[],{},2026-08-05T16:50:43.991928+00:00,0,0,1,0,0,0,0,0,0,1,2.0,0,1,0,0,1,0,1.0,1.0,0.45,0.55,,,,
c342fcda-a888-4af9-90ea-b9c69c0bb052,Defer,0.0122195133470987,1,10.05,SYN-006,2,13.0,synthetic_6,baseline,baseline|peakaboo|peakaboo_recommendation,baseline>peakaboo>peakaboo_recommendation,13.88737013163067,,Low,Mostly consistent,True,near_boundary_supported,detectability_vs_stability,Defer,supported,0.0020903655636277,inf,False,SYN-PAIR-07,13,0.65,20,0.0757892490570719,True,0.0290296803064,"{""detector_version"": ""peakaboo-study-1.0"", ""matching_tolerance_samples"": 6, ""minimum_distance"": 22, ""noise_window"": 51, ""perturbation_noise_model"": ""Normal(0, local_sigma * scale)"", ""perturbation_runs"": 30, ""perturbation_scale"": 0.55, ""prominence_floor"": 0.00018, ""segment_overlap_points"": 100, ""segment_points"": 500, ""smooth_window"": 2, ""smoothing_method"": ""moving_average"", ""synthetic_category"": ""near_boundary_supported"", ""synthetic_replicate"": 2, ""weber_boundary"": 15.96}",10.19,9.89,195,inf,SYN-006,generated_demo,synthetic,1.0,30,30,506462,DEMO010-002,2,15.96,-2.072629868369331,21.55458181879206,12.0,8.0,1,Accept as a peak.,50,"[""Peak shape""]",Peak shape,,[],,,Yes,[],,,19.095329033117224,[],{},2026-08-05T16:50:43.994081+00:00,0,0,0,0,1,0,0,0,1,0,1.0,1,0,0,0,1,0,1.0,1.0,0.5,0.5,,,,
c342fcda-a888-4af9-90ea-b9c69c0bb052,Reject,0.2175261728472668,1,4.53000020980835,REAL-001,3,13.5,1607,baseline,baseline|peakaboo|peakaboo_recommendation,baseline>peakaboo>peakaboo_recommendation,11.990940463878124,,Low,Conflict detected,True,parameter_sensitive,unfavorable_algorithm_vs_supported_reference,Reject,supported,3.483447891200764e-05,51.0,False,REA-PAIR-07,9,0.45,20,0.0550485495477914,True,0.000417698174715,"{""detector_version"": ""peakaboo-study-1.0"", ""matching_tolerance_samples"": 8, ""minimum_distance"": 22, ""noise_window"": 51, ""perturbation_noise_model"": ""Normal(0, local_sigma * scale)"", ""perturbation_runs"": 30, ""perturbation_scale"": 0.55, ""prominence_floor"": 0.00018, ""segment_overlap_points"": 100, ""segment_points"": 500, ""smooth_window"": 2, ""smoothing_method"": ""moving_average"", ""source_label_file"": ""peak_df.xlsx"", ""source_peak_index"": 2718, ""source_time_range"": [0.0, 13.0], ""weber_boundary"": 15.96}",4.54166666666667,4.505,180,6.623189397414574,REAL-001,chromatograms.h5,real,1.0,30,30,331503,DEMO010-003,3,15.96,-3.969059536121876,7.700217665511474,4.829999923706055,4.230000019073486,1,Accept as a peak.,53,"[""Peak shape""]",Peak shape,,[],,,Yes,[],,,46.6012384527946,[],{},2026-08-05T16:50:43.996137+00:00,0,0,0,0,1,0,0,0,1,0,1.0,1,0,0,0,1,0,1.0,1.0,0.53,0.47,,,,
c342fcda-a888-4af9-90ea-b9c69c0bb052,Defer,0.0017161192679425,2,10.04,SYN-008,1,13.0,synthetic_8,peakaboo,baseline|peakaboo|peakaboo_recommendation,baseline>peakaboo>peakaboo_recommendation,13.529594171521373,,Moderate,Mostly consistent,True,near_boundary_unsupported,detectability_vs_stability,Defer,unsupported,0.0018639880933306,29.0,False,SYN-PAIR-08,12,0.6,20,0.0719803151538431,True,0.0252190024568414,"{""detector_version"": ""peakaboo-study-1.0"", ""matching_tolerance_samples"": 6, ""minimum_distance"": 22, ""noise_window"": 51, ""perturbation_noise_model"": ""Normal(0, local_sigma * scale)"", ""perturbation_runs"": 30, ""perturbation_scale"": 0.55, ""prominence_floor"": 0.00018, ""segment_overlap_points"": 100, ""segment_points"": 500, ""smooth_window"": 2, ""smoothing_method"": ""moving_average"", ""synthetic_category"": ""near_boundary_unsupported"", ""synthetic_replicate"": 2, ""weber_boundary"": 15.96}",,,196,1.699846588064997,SYN-008,generated_demo,synthetic,1.0,30,30,385665,DEMO010-004,4,15.96,-2.4304058284786283,17.060363096067306,12.0,8.0,3,Defer for more review.,55,"[""Repeatability after signal changes""]",Repeatability after signal changes,,[],4.0,,Yes,[],,,21.861285265992443,[],{},2026-08-05T16:50:43.998562+00:00,0,0,0,0,0,0,1,0,0,1,2.0,0,0,0,0,1,1,0.0,0.0,0.55,0.55,,,,
c342fcda-a888-4af9-90ea-b9c69c0bb052,Defer,0.0122195133470987,2,10.05,SYN-006,2,13.0,synthetic_6,peakaboo,baseline|peakaboo|peakaboo_recommendation,baseline>peakaboo>peakaboo_recommendation,13.88737013163067,,Low,Mostly consistent,True,near_boundary_supported,detectability_vs_stability,Defer,supported,0.0020903655636277,inf,False,SYN-PAIR-07,13,0.65,20,0.0757892490570719,True,0.0290296803064,"{""detector_version"": ""peakaboo-study-1.0"", ""matching_tolerance_samples"": 6, ""minimum_distance"": 22, ""noise_window"": 51, ""perturbation_noise_model"": ""Normal(0, local_sigma * scale)"", ""perturbation_runs"": 30, ""perturbation_scale"": 0.55, ""prominence_floor"": 0.00018, ""segment_overlap_points"": 100, ""segment_points"": 500, ""smooth_window"": 2, ""smoothing_method"": ""moving_average"", ""synthetic_category"": ""near_boundary_supported"", ""synthetic_replicate"": 2, ""weber_boundary"": 15.96}",10.19,9.89,195,inf,SYN-006,generated_demo,synthetic,1.0,30,30,506462,DEMO010-005,5,15.96,-2.072629868369331,21.55458181879206,12.0,8.0,1,Accept as a peak.,71,"[""Overlap or duplicate warning""]",Overlap or duplicate warning,,[],2.0,,Yes,[],,,12.927533414278349,[],{},2026-08-05T16:50:44.001877+00:00,0,0,0,1,0,0,0,0,1,0,1.0,1,0,0,0,1,0,1.0,1.0,0.71,0.29000000000000004,,,,
c342fcda-a888-4af9-90ea-b9c69c0bb052,Reject,0.2175261728472668,2,4.53000020980835,REAL-001,3,13.5,1607,peakaboo,baseline|peakaboo|peakaboo_recommendation,baseline>peakaboo>peakaboo_recommendation,11.990940463878124,,Low,Conflict detected,True,parameter_sensitive,unfavorable_algorithm_vs_supported_reference,Reject,supported,3.483447891200764e-05,51.0,False,REA-PAIR-07,9,0.45,20,0.0550485495477914,True,0.000417698174715,"{""detector_version"": ""peakaboo-study-1.0"", ""matching_tolerance_samples"": 8, ""minimum_distance"": 22, ""noise_window"": 51, ""perturbation_noise_model"": ""Normal(0, local_sigma * scale)"", ""perturbation_runs"": 30, ""perturbation_scale"": 0.55, ""prominence_floor"": 0.00018, ""segment_overlap_points"": 100, ""segment_points"": 500, ""smooth_window"": 2, ""smoothing_method"": ""moving_average"", ""source_label_file"": ""peak_df.xlsx"", ""source_peak_index"": 2718, ""source_time_range"": [0.0, 13.0], ""weber_boundary"": 15.96}",4.54166666666667,4.505,180,6.623189397414574,REAL-001,chromatograms.h5,real,1.0,30,30,331503,DEMO010-006,6,15.96,-3.969059536121876,7.700217665511474,4.829999923706055,4.230000019073486,1,Accept as a peak.,54,"[""Repeatability after setting changes""]",Repeatability after setting changes,,[],3.0,,Yes,[],,,52.45998388080393,[],{},2026-08-05T16:50:44.004030+00:00,0,0,0,0,0,1,0,0,1,0,1.0,1,0,0,0,1,0,1.0,1.0,0.54,0.45999999999999996,,,,
c342fcda-a888-4af9-90ea-b9c69c0bb052,Defer,0.0017161192679425,3,10.04,SYN-008,1,13.0,synthetic_8,peakaboo_recommendation,baseline|peakaboo|peakaboo_recommendation,baseline>peakaboo>peakaboo_recommendation,13.529594171521373,Accept,Moderate,Mostly consistent,True,near_boundary_unsupported,detectability_vs_stability,Defer,unsupported,0.0018639880933306,29.0,False,SYN-PAIR-08,12,0.6,20,0.0719803151538431,True,0.0252190024568414,"{""detector_version"": ""peakaboo-study-1.0"", ""matching_tolerance_samples"": 6, ""minimum_distance"": 22, ""noise_window"": 51, ""perturbation_noise_model"": ""Normal(0, local_sigma * scale)"", ""perturbation_runs"": 30, ""perturbation_scale"": 0.55, ""prominence_floor"": 0.00018, ""segment_overlap_points"": 100, ""segment_points"": 500, ""smooth_window"": 2, ""smoothing_method"": ""moving_average"", ""synthetic_category"": ""near_boundary_unsupported"", ""synthetic_replicate"": 2, ""weber_boundary"": 15.96}",,,196,1.699846588064997,SYN-008,generated_demo,synthetic,1.0,30,30,385665,DEMO010-007,7,15.96,-2.4304058284786283,17.060363096067306,12.0,8.0,2,"Reject as noise, an error, or a duplicate.",79,"[""How clearly it stands out""]",How clearly it stands out,,[],3.0,,Yes,[],Accept,0.0,29.850469786514566,[],{},2026-08-05T16:50:44.006212+00:00,0,1,0,0,0,0,0,0,0,1,2.0,0,1,0,0,1,0,1.0,1.0,0.79,0.20999999999999996,1.0,0.0,0.0,appropriate_skepticism
c342fcda-a888-4af9-90ea-b9c69c0bb052,Defer,0.0122195133470987,3,10.05,SYN-006,2,13.0,synthetic_6,peakaboo_recommendation,baseline|peakaboo|peakaboo_recommendation,baseline>peakaboo>peakaboo_recommendation,13.88737013163067,Accept,Low,Mostly consistent,True,near_boundary_supported,detectability_vs_stability,Defer,supported,0.0020903655636277,inf,False,SYN-PAIR-07,13,0.65,20,0.0757892490570719,True,0.0290296803064,"{""detector_version"": ""peakaboo-study-1.0"", ""matching_tolerance_samples"": 6, ""minimum_distance"": 22, ""noise_window"": 51, ""perturbation_noise_model"": ""Normal(0, local_sigma * scale)"", ""perturbation_runs"": 30, ""perturbation_scale"": 0.55, ""prominence_floor"": 0.00018, ""segment_overlap_points"": 100, ""segment_points"": 500, ""smooth_window"": 2, ""smoothing_method"": ""moving_average"", ""synthetic_category"": ""near_boundary_supported"", ""synthetic_replicate"": 2, ""weber_boundary"": 15.96}",10.19,9.89,195,inf,SYN-006,generated_demo,synthetic,1.0,30,30,506462,DEMO010-008,8,15.96,-2.072629868369331,21.55458181879206,12.0,8.0,1,Accept as a peak.,88,"[""AI says this is a peak""]",AI says this is a peak,,[],5.0,,Yes,[],Accept,1.0,17.35572107815597,[],{},2026-08-05T16:50:44.008213+00:00,1,0,0,0,0,0,0,0,1,0,1.0,1,0,0,0,1,0,1.0,1.0,0.88,0.12,1.0,1.0,1.0,appropriate_reliance
c342fcda-a888-4af9-90ea-b9c69c0bb052,Reject,0.2175261728472668,3,4.53000020980835,REAL-001,3,13.5,1607,peakaboo_recommendation,baseline|peakaboo|peakaboo_recommendation,baseline>peakaboo>peakaboo_recommendation,11.990940463878124,Accept,Low,Conflict detected,True,parameter_sensitive,unfavorable_algorithm_vs_supported_reference,Reject,supported,3.483447891200764e-05,51.0,False,REA-PAIR-07,9,0.45,20,0.0550485495477914,True,0.000417698174715,"{""detector_version"": ""peakaboo-study-1.0"", ""matching_tolerance_samples"": 8, ""minimum_distance"": 22, ""noise_window"": 51, ""perturbation_noise_model"": ""Normal(0, local_sigma * scale)"", ""perturbation_runs"": 30, ""perturbation_scale"": 0.55, ""prominence_floor"": 0.00018, ""segment_overlap_points"": 100, ""segment_points"": 500, ""smooth_window"": 2, ""smoothing_method"": ""moving_average"", ""source_label_file"": ""peak_df.xlsx"", ""source_peak_index"": 2718, ""source_time_range"": [0.0, 13.0], ""weber_boundary"": 15.96}",4.54166666666667,4.505,180,6.623189397414574,REAL-001,chromatograms.h5,real,1.0,30,30,331503,DEMO010-009,9,15.96,-3.969059536121876,7.700217665511474,4.829999923706055,4.230000019073486,1,Accept as a peak.,51,"[""How clearly it stands out""]",How clearly it stands out,,[],3.0,,Yes,[],Accept,1.0,54.04794289007781,[],{},2026-08-05T16:50:44.010319+00:00,0,1,0,0,0,0,0,0,1,0,1.0,1,0,0,0,1,0,1.0,1.0,0.51,0.49,1.0,1.0,1.0,appropriate_reliance
c772eded-8c5b-49e1-a3bf-ca597ba0a17d,Defer,0.0122195133470987,1,10.05,SYN-006,1,13.0,synthetic_6,baseline,baseline|peakaboo|peakaboo_recommendation,baseline>peakaboo>peakaboo_recommendation,13.88737013163067,,Low,Mostly consistent,True,near_boundary_supported,detectability_vs_stability,Defer,supported,0.0020903655636277,inf,False,SYN-PAIR-07,13,0.65,20,0.0757892490570719,True,0.0290296803064,"{""detector_version"": ""peakaboo-study-1.0"", ""matching_tolerance_samples"": 6, ""minimum_distance"": 22, ""noise_window"": 51, ""perturbation_noise_model"": ""Normal(0, local_sigma * scale)"", ""perturbation_runs"": 30, ""perturbation_scale"": 0.55, ""prominence_floor"": 0.00018, ""segment_overlap_points"": 100, ""segment_points"": 500, ""smooth_window"": 2, ""smoothing_method"": ""moving_average"", ""synthetic_category"": ""near_boundary_supported"", ""synthetic_replicate"": 2, ""weber_boundary"": 15.96}",10.19,9.89,195,inf,SYN-006,generated_demo,synthetic,1.0,30,30,4422,DEMO011-001,1,15.96,-2.072629868369331,21.55458181879206,12.0,8.0,1,Accept as a peak.,92,"[""Local noise or baseline""]",Local noise or baseline,,[],,,Yes,[],,,37.68238786146722,[],{},2026-08-05T16:50:44.089768+00:00,0,0,1,0,0,0,0,0,1,0,1.0,1,0,0,0,1,0,1.0,1.0,0.92,0.07999999999999996,,,,
c772eded-8c5b-49e1-a3bf-ca597ba0a17d,Reject,0.2175261728472668,1,4.53000020980835,REAL-001,2,13.5,1607,baseline,baseline|peakaboo|peakaboo_recommendation,baseline>peakaboo>peakaboo_recommendation,11.990940463878124,,Low,Conflict detected,True,parameter_sensitive,unfavorable_algorithm_vs_supported_reference,Reject,supported,3.483447891200764e-05,51.0,False,REA-PAIR-07,9,0.45,20,0.0550485495477914,True,0.000417698174715,"{""detector_version"": ""peakaboo-study-1.0"", ""matching_tolerance_samples"": 8, ""minimum_distance"": 22, ""noise_window"": 51, ""perturbation_noise_model"": ""Normal(0, local_sigma * scale)"", ""perturbation_runs"": 30, ""perturbation_scale"": 0.55, ""prominence_floor"": 0.00018, ""segment_overlap_points"": 100, ""segment_points"": 500, ""smooth_window"": 2, ""smoothing_method"": ""moving_average"", ""source_label_file"": ""peak_df.xlsx"", ""source_peak_index"": 2718, ""source_time_range"": [0.0, 13.0], ""weber_boundary"": 15.96}",4.54166666666667,4.505,180,6.623189397414574,REAL-001,chromatograms.h5,real,1.0,30,30,126432,DEMO011-002,2,15.96,-3.969059536121876,7.700217665511474,4.829999923706055,4.230000019073486,3,Defer for more review.,71,"[""Peak shape""]",Peak shape,,[],,,Yes,[],,,54.542711821304756,[],{},2026-08-05T16:50:44.092540+00:00,0,0,0,0,1,0,0,0,1,0,1.0,0,0,0,0,1,1,0.0,0.0,0.71,0.71,,,,
c772eded-8c5b-49e1-a3bf-ca597ba0a17d,Reject,0.221273541205649,1,0.0066666668280959,REAL-003,3,12.0,3419,baseline,baseline|peakaboo|peakaboo_recommendation,baseline>peakaboo>peakaboo_recommendation,12.14322291476348,,Low,Conflict detected,True,stable_unsupported,detectability_vs_stability,Reject,unsupported,4.054113116816314e-05,11.0,False,REA-PAIR-08,7,0.35,20,0.0005473000055644,True,0.0004923000051348,"{""detector_version"": ""peakaboo-study-1.0"", ""matching_tolerance_samples"": 8, ""minimum_distance"": 22, ""noise_window"": 51, ""perturbation_noise_model"": ""Normal(0, local_sigma * scale)"", ""perturbation_runs"": 30, ""perturbation_scale"": 0.55, ""prominence_floor"": 0.00018, ""segment_overlap_points"": 100, ""segment_points"": 500, ""smooth_window"": 2, ""smoothing_method"": ""moving_average"", ""source_label_file"": ""peak_df.xlsx"", ""source_peak_index"": 4, ""source_time_range"": [0.0, 13.0], ""weber_boundary"": 15.96}",,,4,2.315962261922051,REAL-003,chromatograms.h5,real,1.0,30,30,464718,DEMO011-003,3,15.96,-3.81677708523652,4.74964561420398,0.3066666722297668,0.0,1,Accept as a peak.,69,"[""Signal strength""]",Signal strength,,[],,,Yes,[],,,26.363299140283267,[],{},2026-08-05T16:50:44.094812+00:00,0,0,0,0,0,0,0,1,0,1,2.0,0,0,1,0,1,0,0.0,0.0,0.69,0.69,,,,
c772eded-8c5b-49e1-a3bf-ca597ba0a17d,Defer,0.0122195133470987,2,10.05,SYN-006,1,13.0,synthetic_6,peakaboo,baseline|peakaboo|peakaboo_recommendation,baseline>peakaboo>peakaboo_recommendation,13.88737013163067,,Low,Mostly consistent,True,near_boundary_supported,detectability_vs_stability,Defer,supported,0.0020903655636277,inf,False,SYN-PAIR-07,13,0.65,20,0.0757892490570719,True,0.0290296803064,"{""detector_version"": ""peakaboo-study-1.0"", ""matching_tolerance_samples"": 6, ""minimum_distance"": 22, ""noise_window"": 51, ""perturbation_noise_model"": ""Normal(0, local_sigma * scale)"", ""perturbation_runs"": 30, ""perturbation_scale"": 0.55, ""prominence_floor"": 0.00018, ""segment_overlap_points"": 100, ""segment_points"": 500, ""smooth_window"": 2, ""smoothing_method"": ""moving_average"", ""synthetic_category"": ""near_boundary_supported"", ""synthetic_replicate"": 2, ""weber_boundary"": 15.96}",10.19,9.89,195,inf,SYN-006,generated_demo,synthetic,1.0,30,30,4422,DEMO011-004,4,15.96,-2.072629868369331,21.55458181879206,12.0,8.0,3,Defer for more review.,61,"[""Repeatability after setting changes""]",Repeatability after setting changes,,[],3.0,,Yes,[],,,27.15580808490421,[],{},2026-08-05T16:50:44.097064+00:00,0,0,0,0,0,1,0,0,1,0,1.0,0,0,0,0,1,1,0.0,0.0,0.61,0.61,,,,
c772eded-8c5b-49e1-a3bf-ca597ba0a17d,Reject,0.2175261728472668,2,4.53000020980835,REAL-001,2,13.5,1607,peakaboo,baseline|peakaboo|peakaboo_recommendation,baseline>peakaboo>peakaboo_recommendation,11.990940463878124,,Low,Conflict detected,True,parameter_sensitive,unfavorable_algorithm_vs_supported_reference,Reject,supported,3.483447891200764e-05,51.0,False,REA-PAIR-07,9,0.45,20,0.0550485495477914,True,0.000417698174715,"{""detector_version"": ""peakaboo-study-1.0"", ""matching_tolerance_samples"": 8, ""minimum_distance"": 22, ""noise_window"": 51, ""perturbation_noise_model"": ""Normal(0, local_sigma * scale)"", ""perturbation_runs"": 30, ""perturbation_scale"": 0.55, ""prominence_floor"": 0.00018, ""segment_overlap_points"": 100, ""segment_points"": 500, ""smooth_window"": 2, ""smoothing_method"": ""moving_average"", ""source_label_file"": ""peak_df.xlsx"", ""source_peak_index"": 2718, ""source_time_range"": [0.0, 13.0], ""weber_boundary"": 15.96}",4.54166666666667,4.505,180,6.623189397414574,REAL-001,chromatograms.h5,real,1.0,30,30,126432,DEMO011-005,5,15.96,-3.969059536121876,7.700217665511474,4.829999923706055,4.230000019073486,1,Accept as a peak.,79,"[""Repeatability after signal changes""]",Repeatability after signal changes,,[],5.0,,Yes,[],,,30.185628614258857,[],{},2026-08-05T16:50:44.099291+00:00,0,0,0,0,0,0,1,0,1,0,1.0,1,0,0,0,1,0,1.0,1.0,0.79,0.20999999999999996,,,,
c772eded-8c5b-49e1-a3bf-ca597ba0a17d,Reject,0.221273541205649,2,0.0066666668280959,REAL-003,3,12.0,3419,peakaboo,baseline|peakaboo|peakaboo_recommendation,baseline>peakaboo>peakaboo_recommendation,12.14322291476348,,Low,Conflict detected,True,stable_unsupported,detectability_vs_stability,Reject,unsupported,4.054113116816314e-05,11.0,False,REA-PAIR-08,7,0.35,20,0.0005473000055644,True,0.0004923000051348,"{""detector_version"": ""peakaboo-study-1.0"", ""matching_tolerance_samples"": 8, ""minimum_distance"": 22, ""noise_window"": 51, ""perturbation_noise_model"": ""Normal(0, local_sigma * scale)"", ""perturbation_runs"": 30, ""perturbation_scale"": 0.55, ""prominence_floor"": 0.00018, ""segment_overlap_points"": 100, ""segment_points"": 500, ""smooth_window"": 2, ""smoothing_method"": ""moving_average"", ""source_label_file"": ""peak_df.xlsx"", ""source_peak_index"": 4, ""source_time_range"": [0.0, 13.0], ""weber_boundary"": 15.96}",,,4,2.315962261922051,REAL-003,chromatograms.h5,real,1.0,30,30,464718,DEMO011-006,6,15.96,-3.81677708523652,4.74964561420398,0.3066666722297668,0.0,2,"Reject as noise, an error, or a duplicate.",68,"[""How clearly it stands out""]",How clearly it stands out,,[],4.0,,Yes,[],,,18.620169305789286,[],{},2026-08-05T16:50:44.101404+00:00,0,1,0,0,0,0,0,0,0,1,2.0,0,1,0,0,1,0,1.0,1.0,0.68,0.31999999999999995,,,,
c772eded-8c5b-49e1-a3bf-ca597ba0a17d,Defer,0.0122195133470987,3,10.05,SYN-006,1,13.0,synthetic_6,peakaboo_recommendation,baseline|peakaboo|peakaboo_recommendation,baseline>peakaboo>peakaboo_recommendation,13.88737013163067,Accept,Low,Mostly consistent,True,near_boundary_supported,detectability_vs_stability,Defer,supported,0.0020903655636277,inf,False,SYN-PAIR-07,13,0.65,20,0.0757892490570719,True,0.0290296803064,"{""detector_version"": ""peakaboo-study-1.0"", ""matching_tolerance_samples"": 6, ""minimum_distance"": 22, ""noise_window"": 51, ""perturbation_noise_model"": ""Normal(0, local_sigma * scale)"", ""perturbation_runs"": 30, ""perturbation_scale"": 0.55, ""prominence_floor"": 0.00018, ""segment_overlap_points"": 100, ""segment_points"": 500, ""smooth_window"": 2, ""smoothing_method"": ""moving_average"", ""synthetic_category"": ""near_boundary_supported"", ""synthetic_replicate"": 2, ""weber_boundary"": 15.96}",10.19,9.89,195,inf,SYN-006,generated_demo,synthetic,1.0,30,30,4422,DEMO011-007,7,15.96,-2.072629868369331,21.55458181879206,12.0,8.0,1,Accept as a peak.,70,"[""AI says this is a peak""]",AI says this is a peak,,[],2.0,,Yes,[],Accept,1.0,32.4888600402121,[],{},2026-08-05T16:50:44.105565+00:00,1,0,0,0,0,0,0,0,1,0,1.0,1,0,0,0,1,0,1.0,1.0,0.7,0.30000000000000004,1.0,1.0,1.0,appropriate_reliance
c772eded-8c5b-49e1-a3bf-ca597ba0a17d,Reject,0.2175261728472668,3,4.53000020980835,REAL-001,2,13.5,1607,peakaboo_recommendation,baseline|peakaboo|peakaboo_recommendation,baseline>peakaboo>peakaboo_recommendation,11.990940463878124,Accept,Low,Conflict detected,True,parameter_sensitive,unfavorable_algorithm_vs_supported_reference,Reject,supported,3.483447891200764e-05,51.0,False,REA-PAIR-07,9,0.45,20,0.0550485495477914,True,0.000417698174715,"{""detector_version"": ""peakaboo-study-1.0"", ""matching_tolerance_samples"": 8, ""minimum_distance"": 22, ""noise_window"": 51, ""perturbation_noise_model"": ""Normal(0, local_sigma * scale)"", ""perturbation_runs"": 30, ""perturbation_scale"": 0.55, ""prominence_floor"": 0.00018, ""segment_overlap_points"": 100, ""segment_points"": 500, ""smooth_window"": 2, ""smoothing_method"": ""moving_average"", ""source_label_file"": ""peak_df.xlsx"", ""source_peak_index"": 2718, ""source_time_range"": [0.0, 13.0], ""weber_boundary"": 15.96}",4.54166666666667,4.505,180,6.623189397414574,REAL-001,chromatograms.h5,real,1.0,30,30,126432,DEMO011-008,8,15.96,-3.969059536121876,7.700217665511474,4.829999923706055,4.230000019073486,1,Accept as a peak.,64,"[""Repeatability after signal changes""]",Repeatability after signal changes,,[],4.0,,Yes,[],Accept,1.0,42.67133003804423,[],{},2026-08-05T16:50:44.107730+00:00,0,0,0,0,0,0,1,0,1,0,1.0,1,0,0,0,1,0,1.0,1.0,0.64,0.36,1.0,1.0,1.0,appropriate_reliance
c772eded-8c5b-49e1-a3bf-ca597ba0a17d,Reject,0.221273541205649,3,0.0066666668280959,REAL-003,3,12.0,3419,peakaboo_recommendation,baseline|peakaboo|peakaboo_recommendation,baseline>peakaboo>peakaboo_recommendation,12.14322291476348,Accept,Low,Conflict detected,True,stable_unsupported,detectability_vs_stability,Reject,unsupported,4.054113116816314e-05,11.0,False,REA-PAIR-08,7,0.35,20,0.0005473000055644,True,0.0004923000051348,"{""detector_version"": ""peakaboo-study-1.0"", ""matching_tolerance_samples"": 8, ""minimum_distance"": 22, ""noise_window"": 51, ""perturbation_noise_model"": ""Normal(0, local_sigma * scale)"", ""perturbation_runs"": 30, ""perturbation_scale"": 0.55, ""prominence_floor"": 0.00018, ""segment_overlap_points"": 100, ""segment_points"": 500, ""smooth_window"": 2, ""smoothing_method"": ""moving_average"", ""source_label_file"": ""peak_df.xlsx"", ""source_peak_index"": 4, ""source_time_range"": [0.0, 13.0], ""weber_boundary"": 15.96}",,,4,2.315962261922051,REAL-003,chromatograms.h5,real,1.0,30,30,464718,DEMO011-009,9,15.96,-3.81677708523652,4.74964561420398,0.3066666722297668,0.0,2,"Reject as noise, an error, or a duplicate.",86,"[""How clearly it stands out""]",How clearly it stands out,,[],5.0,,Yes,[],Accept,0.0,38.57662814438313,[],{},2026-08-05T16:50:44.109857+00:00,0,1,0,0,0,0,0,0,0,1,2.0,0,1,0,0,1,0,1.0,1.0,0.86,0.14,1.0,0.0,0.0,appropriate_skepticism
e3fa8340-b639-41be-b15b-71295642168d,Defer,0.0122195133470987,1,10.05,SYN-006,1,13.0,synthetic_6,baseline,baseline|peakaboo|peakaboo_recommendation,baseline>peakaboo>peakaboo_recommendation,13.88737013163067,,Low,Mostly consistent,True,near_boundary_supported,detectability_vs_stability,Defer,supported,0.0020903655636277,inf,False,SYN-PAIR-07,13,0.65,20,0.0757892490570719,True,0.0290296803064,"{""detector_version"": ""peakaboo-study-1.0"", ""matching_tolerance_samples"": 6, ""minimum_distance"": 22, ""noise_window"": 51, ""perturbation_noise_model"": ""Normal(0, local_sigma * scale)"", ""perturbation_runs"": 30, ""perturbation_scale"": 0.55, ""prominence_floor"": 0.00018, ""segment_overlap_points"": 100, ""segment_points"": 500, ""smooth_window"": 2, ""smoothing_method"": ""moving_average"", ""synthetic_category"": ""near_boundary_supported"", ""synthetic_replicate"": 2, ""weber_boundary"": 15.96}",10.19,9.89,195,inf,SYN-006,generated_demo,synthetic,1.0,30,30,54170,DEMO012-001,1,15.96,-2.072629868369331,21.55458181879206,12.0,8.0,1,Accept as a peak.,69,"[""Peak shape""]",Peak shape,,[],,,Yes,[],,,31.315659659967736,[],{},2026-08-05T16:50:44.194185+00:00,0,0,0,0,1,0,0,0,1,0,1.0,1,0,0,0,1,0,1.0,1.0,0.69,0.31000000000000005,,,,
e3fa8340-b639-41be-b15b-71295642168d,Reject,0.0224618157484059,1,10.04,SYN-007,2,13.0,synthetic_7,baseline,baseline|peakaboo|peakaboo_recommendation,baseline>peakaboo>peakaboo_recommendation,12.88598005473706,,Low,Mostly consistent,True,near_boundary_unsupported,detectability_vs_stability,Reject,unsupported,0.0019513757710725,38.0,False,SYN-PAIR-08,12,0.6,20,0.0719575041562646,True,0.0251453892782242,"{""detector_version"": ""peakaboo-study-1.0"", ""matching_tolerance_samples"": 6, ""minimum_distance"": 22, ""noise_window"": 51, ""perturbation_noise_model"": ""Normal(0, local_sigma * scale)"", ""perturbation_runs"": 30, ""perturbation_scale"": 0.55, ""prominence_floor"": 0.00018, ""segment_overlap_points"": 100, ""segment_points"": 500, ""smooth_window"": 2, ""smoothing_method"": ""moving_average"", ""synthetic_category"": ""near_boundary_unsupported"", ""synthetic_replicate"": 1, ""weber_boundary"": 15.96}",,,196,2.224918305068862,SYN-007,generated_demo,synthetic,1.0,30,30,415123,DEMO012-002,2,15.96,-3.074019945262941,17.07927878224899,12.0,8.0,1,Accept as a peak.,83,"[""Peak shape""]",Peak shape,,[],,,Yes,[],,,39.6685927796554,[],{},2026-08-05T16:50:44.196509+00:00,0,0,0,0,1,0,0,0,0,1,2.0,0,0,1,0,1,0,0.0,0.0,0.83,0.83,,,,
e3fa8340-b639-41be-b15b-71295642168d,Reject,0.2175261728472668,1,4.53000020980835,REAL-001,3,13.5,1607,baseline,baseline|peakaboo|peakaboo_recommendation,baseline>peakaboo>peakaboo_recommendation,11.990940463878124,,Low,Conflict detected,True,parameter_sensitive,unfavorable_algorithm_vs_supported_reference,Reject,supported,3.483447891200764e-05,51.0,False,REA-PAIR-07,9,0.45,20,0.0550485495477914,True,0.000417698174715,"{""detector_version"": ""peakaboo-study-1.0"", ""matching_tolerance_samples"": 8, ""minimum_distance"": 22, ""noise_window"": 51, ""perturbation_noise_model"": ""Normal(0, local_sigma * scale)"", ""perturbation_runs"": 30, ""perturbation_scale"": 0.55, ""prominence_floor"": 0.00018, ""segment_overlap_points"": 100, ""segment_points"": 500, ""smooth_window"": 2, ""smoothing_method"": ""moving_average"", ""source_label_file"": ""peak_df.xlsx"", ""source_peak_index"": 2718, ""source_time_range"": [0.0, 13.0], ""weber_boundary"": 15.96}",4.54166666666667,4.505,180,6.623189397414574,REAL-001,chromatograms.h5,real,1.0,30,30,355979,DEMO012-003,3,15.96,-3.969059536121876,7.700217665511474,4.829999923706055,4.230000019073486,2,"Reject as noise, an error, or a duplicate.",58,"[""Peak shape""]",Peak shape,,[],,,Yes,[],,,41.83027803315804,[],{},2026-08-05T16:50:44.198996+00:00,0,0,0,0,1,0,0,0,1,0,1.0,0,0,0,1,1,0,0.0,0.0,0.58,0.58,,,,
e3fa8340-b639-41be-b15b-71295642168d,Defer,0.0122195133470987,2,10.05,SYN-006,1,13.0,synthetic_6,peakaboo,baseline|peakaboo|peakaboo_recommendation,baseline>peakaboo>peakaboo_recommendation,13.88737013163067,,Low,Mostly consistent,True,near_boundary_supported,detectability_vs_stability,Defer,supported,0.0020903655636277,inf,False,SYN-PAIR-07,13,0.65,20,0.0757892490570719,True,0.0290296803064,"{""detector_version"": ""peakaboo-study-1.0"", ""matching_tolerance_samples"": 6, ""minimum_distance"": 22, ""noise_window"": 51, ""perturbation_noise_model"": ""Normal(0, local_sigma * scale)"", ""perturbation_runs"": 30, ""perturbation_scale"": 0.55, ""prominence_floor"": 0.00018, ""segment_overlap_points"": 100, ""segment_points"": 500, ""smooth_window"": 2, ""smoothing_method"": ""moving_average"", ""synthetic_category"": ""near_boundary_supported"", ""synthetic_replicate"": 2, ""weber_boundary"": 15.96}",10.19,9.89,195,inf,SYN-006,generated_demo,synthetic,1.0,30,30,54170,DEMO012-004,4,15.96,-2.072629868369331,21.55458181879206,12.0,8.0,2,"Reject as noise, an error, or a duplicate.",59,"[""Repeatability after signal changes""]",Repeatability after signal changes,,[],5.0,,Yes,[],,,37.60289375326681,[],{},2026-08-05T16:50:44.201212+00:00,0,0,0,0,0,0,1,0,1,0,1.0,0,0,0,1,1,0,0.0,0.0,0.59,0.59,,,,
e3fa8340-b639-41be-b15b-71295642168d,Reject,0.0224618157484059,2,10.04,SYN-007,2,13.0,synthetic_7,peakaboo,baseline|peakaboo|peakaboo_recommendation,baseline>peakaboo>peakaboo_recommendation,12.88598005473706,,Low,Mostly consistent,True,near_boundary_unsupported,detectability_vs_stability,Reject,unsupported,0.0019513757710725,38.0,False,SYN-PAIR-08,12,0.6,20,0.0719575041562646,True,0.0251453892782242,"{""detector_version"": ""peakaboo-study-1.0"", ""matching_tolerance_samples"": 6, ""minimum_distance"": 22, ""noise_window"": 51, ""perturbation_noise_model"": ""Normal(0, local_sigma * scale)"", ""perturbation_runs"": 30, ""perturbation_scale"": 0.55, ""prominence_floor"": 0.00018, ""segment_overlap_points"": 100, ""segment_points"": 500, ""smooth_window"": 2, ""smoothing_method"": ""moving_average"", ""synthetic_category"": ""near_boundary_unsupported"", ""synthetic_replicate"": 1, ""weber_boundary"": 15.96}",,,196,2.224918305068862,SYN-007,generated_demo,synthetic,1.0,30,30,415123,DEMO012-005,5,15.96,-3.074019945262941,17.07927878224899,12.0,8.0,2,"Reject as noise, an error, or a duplicate.",91,"[""Repeatability after setting changes""]",Repeatability after setting changes,,[],3.0,,Yes,[],,,32.36284905132062,[],{},2026-08-05T16:50:44.204821+00:00,0,0,0,0,0,1,0,0,0,1,2.0,0,1,0,0,1,0,1.0,1.0,0.91,0.08999999999999997,,,,
e3fa8340-b639-41be-b15b-71295642168d,Reject,0.2175261728472668,2,4.53000020980835,REAL-001,3,13.5,1607,peakaboo,baseline|peakaboo|peakaboo_recommendation,baseline>peakaboo>peakaboo_recommendation,11.990940463878124,,Low,Conflict detected,True,parameter_sensitive,unfavorable_algorithm_vs_supported_reference,Reject,supported,3.483447891200764e-05,51.0,False,REA-PAIR-07,9,0.45,20,0.0550485495477914,True,0.000417698174715,"{""detector_version"": ""peakaboo-study-1.0"", ""matching_tolerance_samples"": 8, ""minimum_distance"": 22, ""noise_window"": 51, ""perturbation_noise_model"": ""Normal(0, local_sigma * scale)"", ""perturbation_runs"": 30, ""perturbation_scale"": 0.55, ""prominence_floor"": 0.00018, ""segment_overlap_points"": 100, ""segment_points"": 500, ""smooth_window"": 2, ""smoothing_method"": ""moving_average"", ""source_label_file"": ""peak_df.xlsx"", ""source_peak_index"": 2718, ""source_time_range"": [0.0, 13.0], ""weber_boundary"": 15.96}",4.54166666666667,4.505,180,6.623189397414574,REAL-001,chromatograms.h5,real,1.0,30,30,355979,DEMO012-006,6,15.96,-3.969059536121876,7.700217665511474,4.829999923706055,4.230000019073486,1,Accept as a peak.,60,"[""Repeatability after setting changes""]",Repeatability after setting changes,,[],2.0,,Yes,[],,,12.91092734946887,[],{},2026-08-05T16:50:44.208928+00:00,0,0,0,0,0,1,0,0,1,0,1.0,1,0,0,0,1,0,1.0,1.0,0.6,0.4,,,,
e3fa8340-b639-41be-b15b-71295642168d,Defer,0.0122195133470987,3,10.05,SYN-006,1,13.0,synthetic_6,peakaboo_recommendation,baseline|peakaboo|peakaboo_recommendation,baseline>peakaboo>peakaboo_recommendation,13.88737013163067,Accept,Low,Mostly consistent,True,near_boundary_supported,detectability_vs_stability,Defer,supported,0.0020903655636277,inf,False,SYN-PAIR-07,13,0.65,20,0.0757892490570719,True,0.0290296803064,"{""detector_version"": ""peakaboo-study-1.0"", ""matching_tolerance_samples"": 6, ""minimum_distance"": 22, ""noise_window"": 51, ""perturbation_noise_model"": ""Normal(0, local_sigma * scale)"", ""perturbation_runs"": 30, ""perturbation_scale"": 0.55, ""prominence_floor"": 0.00018, ""segment_overlap_points"": 100, ""segment_points"": 500, ""smooth_window"": 2, ""smoothing_method"": ""moving_average"", ""synthetic_category"": ""near_boundary_supported"", ""synthetic_replicate"": 2, ""weber_boundary"": 15.96}",10.19,9.89,195,inf,SYN-006,generated_demo,synthetic,1.0,30,30,54170,DEMO012-007,7,15.96,-2.072629868369331,21.55458181879206,12.0,8.0,1,Accept as a peak.,73,"[""How clearly it stands out""]",How clearly it stands out,,[],5.0,,Yes,[],Accept,1.0,25.220612686327335,[],{},2026-08-05T16:50:44.212211+00:00,0,1,0,0,0,0,0,0,1,0,1.0,1,0,0,0,1,0,1.0,1.0,0.73,0.27,1.0,1.0,1.0,appropriate_reliance
e3fa8340-b639-41be-b15b-71295642168d,Reject,0.0224618157484059,3,10.04,SYN-007,2,13.0,synthetic_7,peakaboo_recommendation,baseline|peakaboo|peakaboo_recommendation,baseline>peakaboo>peakaboo_recommendation,12.88598005473706,Accept,Low,Mostly consistent,True,near_boundary_unsupported,detectability_vs_stability,Reject,unsupported,0.0019513757710725,38.0,False,SYN-PAIR-08,12,0.6,20,0.0719575041562646,True,0.0251453892782242,"{""detector_version"": ""peakaboo-study-1.0"", ""matching_tolerance_samples"": 6, ""minimum_distance"": 22, ""noise_window"": 51, ""perturbation_noise_model"": ""Normal(0, local_sigma * scale)"", ""perturbation_runs"": 30, ""perturbation_scale"": 0.55, ""prominence_floor"": 0.00018, ""segment_overlap_points"": 100, ""segment_points"": 500, ""smooth_window"": 2, ""smoothing_method"": ""moving_average"", ""synthetic_category"": ""near_boundary_unsupported"", ""synthetic_replicate"": 1, ""weber_boundary"": 15.96}",,,196,2.224918305068862,SYN-007,generated_demo,synthetic,1.0,30,30,415123,DEMO012-008,8,15.96,-3.074019945262941,17.07927878224899,12.0,8.0,1,Accept as a peak.,84,"[""Repeatability after signal changes""]",Repeatability after signal changes,,[],2.0,,Yes,[],Accept,1.0,24.3650714713646,[],{},2026-08-05T16:50:44.215155+00:00,0,0,0,0,0,0,1,0,0,1,2.0,0,0,1,0,1,0,0.0,0.0,0.84,0.84,1.0,1.0,0.0,over_reliance
e3fa8340-b639-41be-b15b-71295642168d,Reject,0.2175261728472668,3,4.53000020980835,REAL-001,3,13.5,1607,peakaboo_recommendation,baseline|peakaboo|peakaboo_recommendation,baseline>peakaboo>peakaboo_recommendation,11.990940463878124,Accept,Low,Conflict detected,True,parameter_sensitive,unfavorable_algorithm_vs_supported_reference,Reject,supported,3.483447891200764e-05,51.0,False,REA-PAIR-07,9,0.45,20,0.0550485495477914,True,0.000417698174715,"{""detector_version"": ""peakaboo-study-1.0"", ""matching_tolerance_samples"": 8, ""minimum_distance"": 22, ""noise_window"": 51, ""perturbation_noise_model"": ""Normal(0, local_sigma * scale)"", ""perturbation_runs"": 30, ""perturbation_scale"": 0.55, ""prominence_floor"": 0.00018, ""segment_overlap_points"": 100, ""segment_points"": 500, ""smooth_window"": 2, ""smoothing_method"": ""moving_average"", ""source_label_file"": ""peak_df.xlsx"", ""source_peak_index"": 2718, ""source_time_range"": [0.0, 13.0], ""weber_boundary"": 15.96}",4.54166666666667,4.505,180,6.623189397414574,REAL-001,chromatograms.h5,real,1.0,30,30,355979,DEMO012-009,9,15.96,-3.969059536121876,7.700217665511474,4.829999923706055,4.230000019073486,1,Accept as a peak.,52,"[""Repeatability after signal changes""]",Repeatability after signal changes,,[],5.0,,Yes,[],Accept,1.0,24.039149056919015,[],{},2026-08-05T16:50:44.218350+00:00,0,0,0,0,0,0,1,0,1,0,1.0,1,0,0,0,1,0,1.0,1.0,0.52,0.48,1.0,1.0,1.0,appropriate_reliance
